pz,layer,module,rel,fro,srank,top1,k90
oldpz,0,query,0.004615530371665955,0.17532338986931723,17.932987914569605,0.05576315585355148,256
oldpz,0,value,0.005201024003326893,0.17117100538623553,4.110872059896657,0.24325738807476752,222
oldpz,1,query,0.0033455498050898314,0.18000987448517083,17.47538488667284,0.057223346237290876,226
oldpz,1,value,0.00546254264190793,0.17814539086681172,5.699659469754149,0.1754490781960934,221
oldpz,2,query,0.0031056259758770466,0.1640243048602784,10.227214901859428,0.09777833062041047,180
oldpz,2,value,0.006407556589692831,0.17823786308837938,4.168600604644649,0.23988865685184654,186
oldpz,3,query,0.0038191780913621187,0.18315355687152027,12.721634828359424,0.07860624939263089,220
oldpz,3,value,0.005255792755633593,0.18442277043154204,5.3510089212539045,0.1868806452607576,229
oldpz,4,query,0.0045067984610795975,0.20034120988855855,13.497967712960298,0.07408522684787824,242
oldpz,4,value,0.005541282240301371,0.1950779007122727,5.128493183527908,0.19498904731157243,236
oldpz,5,query,0.0047045317478477955,0.21147403988196464,16.555012959682266,0.060404664281168446,257
oldpz,5,value,0.005115423817187548,0.1936442462018549,6.015243334424942,0.16624431372161608,244
oldpz,6,query,0.004304805304855108,0.20601255630043636,12.409719137327105,0.08058200100533357,249
oldpz,6,value,0.005185531917959452,0.19754799714773716,5.241775388245653,0.1907750572911682,235
oldpz,7,query,0.004172225948423147,0.20576792213771639,15.860012388922254,0.06305165314362997,259
oldpz,7,value,0.004992402624338865,0.19068797369649118,6.5665473572699025,0.15228703085387607,240
oldpz,8,query,0.004058430436998606,0.2045786321962198,14.057804248113193,0.07113486447460084,253
oldpz,8,value,0.005419729743152857,0.19129250857582614,6.143862837835886,0.16276405030426103,234
oldpz,9,query,0.004089068621397018,0.20382785996857047,13.784129726438684,0.07254719883272337,255
oldpz,9,value,0.0050826300866901875,0.19216415767217002,6.164767072022509,0.16221213037201168,234
oldpz,10,query,0.003706918330863118,0.20262943499528152,10.717146484969682,0.09330841949416809,241
oldpz,10,value,0.00541116064414382,0.1894559412732195,6.051543537693741,0.16524709667396736,215
oldpz,11,query,0.003955760505050421,0.20477068270148396,9.483506502695457,0.1054462291680587,239
oldpz,11,value,0.0051903980784118176,0.19021980101368002,7.035013117506615,0.14214614575650217,217
oldpz,12,query,0.004405470564961433,0.21468728858082015,8.966359705448436,0.1115279815723149,227
oldpz,12,value,0.004950427915900946,0.1918987059273481,6.9816414180912005,0.1432327929946025,208
oldpz,13,query,0.004315226338803768,0.22137793991385898,7.393554096330736,0.13525294966006657,216
oldpz,13,value,0.005027296487241983,0.19797767499421165,6.517456514841823,0.15343408854708251,179
oldpz,14,query,0.0044067176058888435,0.2248487099497193,7.5640077080533725,0.13220504772031147,191
oldpz,14,value,0.004837336950004101,0.19830859980733753,6.3721927872281094,0.15693184958313194,151
oldpz,15,query,0.004583966918289661,0.2335517690439609,7.819107047984974,0.12789184159560846,186
oldpz,15,value,0.00511124124750495,0.21015680712390217,4.937269221570642,0.2025411123280574,123
oldpz,16,query,0.0048968312330543995,0.2484709138439605,5.7395695439677406,0.17422909372201878,158
oldpz,16,value,0.00577428238466382,0.2252571263655926,4.36900992064068,0.22888480872420588,96
oldpz,17,query,0.004775607027113438,0.2413101996059424,3.511874982016495,0.2847481772901286,129
oldpz,17,value,0.005623192060738802,0.22394950490184318,3.8519026076845972,0.2596119637098266,68
oldpz,18,query,0.004574112128466368,0.23725870355701195,4.029077825695329,0.24819575179772613,117
oldpz,18,value,0.005632847547531128,0.2151768970068907,2.4220654658597374,0.41287075601197243,48
oldpz,19,query,0.004556308966130018,0.23073588670251363,3.2666532198256326,0.30612370910107745,101
oldpz,19,value,0.0059254951775074005,0.21761730637764137,2.1216553377987752,0.4713300893808245,40
oldpz,20,query,0.0041893767192959785,0.2151383223431794,4.1508643308682185,0.24091367972771935,112
oldpz,20,value,0.006334768608212471,0.20972218579194993,2.4011998351487644,0.4164584660393523,52
oldpz,21,query,0.004484893754124641,0.22194191484540016,3.745280274034239,0.2670027145719717,96
oldpz,21,value,0.006723619066178799,0.21251293854726158,2.612894415522947,0.3827173398431636,54
oldpz,22,query,0.004045951180160046,0.20987900428158293,3.5427414134074575,0.28226728493801817,75
oldpz,22,value,0.006743293721228838,0.2131650711549255,2.401120746113229,0.41647218350794396,52
oldpz,23,query,0.004341759718954563,0.21427495640240127,2.3955704959375232,0.4174370997204334,32
oldpz,23,value,0.006519460119307041,0.23400307517830565,2.126350118974826,0.4702894368506577,29
s0,0,query,0.006302997004240751,0.23942305705541617,9.360743645861731,0.10682911933413407,265
s0,0,value,0.00730853620916605,0.24053062909819234,3.308078554947309,0.3022902822257581,228
s0,1,query,0.004409682471305132,0.23726625407606486,6.65715939715559,0.15021421905974955,225
s0,1,value,0.007285327650606632,0.23759057049973373,4.528902325927956,0.22080405538335462,230
s0,2,query,0.003954160027205944,0.20884822060451366,8.211950939964273,0.12177374259914303,190
s0,2,value,0.008384549990296364,0.23323141237681522,3.2070580290810335,0.31181225625859504,177
s0,3,query,0.004961993079632521,0.23795794449365362,5.832364214874623,0.17145705637683617,231
s0,3,value,0.0067709279246628284,0.2375874572754169,4.022190359440738,0.2486207540259343,229
s0,4,query,0.0055804126895964146,0.24806549014541915,4.364677725504461,0.2291119901376961,228
s0,4,value,0.007091221399605274,0.24964200357934863,3.6312894204912447,0.2753842737946013,220
s0,5,query,0.005630686413496733,0.2531057805752982,4.99553496465347,0.20017876104874144,242
s0,5,value,0.006431642919778824,0.24346951519208296,4.949635155698536,0.2020350932025153,231
s0,6,query,0.0052608042024075985,0.25176266777978107,6.611861017818936,0.15124334847707846,230
s0,6,value,0.006392608862370253,0.24353188974878015,5.219366005511743,0.19159415127124296,221
s0,7,query,0.005148035008460283,0.25389333905708594,6.7228497203823965,0.14874644556878774,237
s0,7,value,0.006252658553421497,0.23882435679627856,6.073034658631681,0.16466232389744187,233
s0,8,query,0.005025078542530537,0.25330522951212703,12.769190017759499,0.07831350294021715,242
s0,8,value,0.0067440965212881565,0.2380366599332043,7.096016416146768,0.1409241384679622,237
s0,9,query,0.005147866904735565,0.2566055249567202,11.443707424848869,0.08738426830352197,239
s0,9,value,0.0063847205601632595,0.24139322783969439,6.8531005410719725,0.1459193534381707,229
s0,10,query,0.004655058495700359,0.2544566982216987,9.444445239883732,0.10588234402344956,229
s0,10,value,0.006757759023457766,0.23660333719228516,6.488481985709683,0.1541192535021925,214
s0,11,query,0.004824104718863964,0.249720144913787,9.348943189681364,0.1069639615634548,236
s0,11,value,0.006437843199819326,0.23593625206885463,7.745274031895512,0.12911099024798076,216
s0,12,query,0.005370409227907658,0.2617097062285893,8.86166605683601,0.1128455973838674,225
s0,12,value,0.006152303423732519,0.2384883687270418,7.191604202770017,0.13905103392853937,207
s0,13,query,0.00508302915841341,0.2607677576625591,8.869119258773297,0.11275076710810986,209
s0,13,value,0.005917159374803305,0.23302019320148898,6.311301444177087,0.1584459257484234,172
s0,14,query,0.00509102875366807,0.25976552804578246,7.09957849414428,0.14085343247135,188
s0,14,value,0.0057774754241108894,0.23684877967701307,6.237659240239586,0.16031654848166896,139
s0,15,query,0.005347932688891888,0.27247536441010467,6.59863641106918,0.15154646167843175,171
s0,15,value,0.006014855112880468,0.24731025160819206,4.60867870648373,0.21698192989525347,104
s0,16,query,0.0057360022328794,0.2910526390663651,4.718537610001285,0.21193006873155512,148
s0,16,value,0.006564385257661343,0.2560791408995982,3.8321161944250126,0.260952421394426,78
s0,17,query,0.005783506669104099,0.2922387955302651,3.1428355586717136,0.31818400337262304,104
s0,17,value,0.006122993770986795,0.24385438487364217,3.677513865634437,0.27192283606182466,56
s0,18,query,0.0056806872598826885,0.29465664711239403,3.0242597935124316,0.33065942355388106,90
s0,18,value,0.006837914697825909,0.2612106395407534,2.6237065797538204,0.3811401807338643,33
s0,19,query,0.005663129035383463,0.28678697017059485,2.830432784691218,0.35330286075282785,81
s0,19,value,0.007090696599334478,0.2604095229755777,2.149970184494338,0.46512272924156606,30
s0,20,query,0.005074237938970327,0.26057763886842844,3.8855069501551345,0.25736667385450784,100
s0,20,value,0.007352243643254042,0.2434062082957181,2.875282903743293,0.34779186378429516,51
s0,21,query,0.005240848287940025,0.2593513126818849,3.286615769509328,0.30426434671105285,89
s0,21,value,0.008020222187042236,0.253493813610861,2.615941210049076,0.3822715878164707,49
s0,22,query,0.005164917558431625,0.26792371081011723,2.9493767426253403,0.3390546841804503,69
s0,22,value,0.008496856316924095,0.268597144988382,2.60303267412926,0.3841672868491786,43
s0,23,query,0.005212860647588968,0.25726492756847824,2.372204410169171,0.421548832686255,39
s0,23,value,0.007577754557132721,0.27198880475453385,2.5021800452619414,0.39965149665931204,26
s1,0,query,0.0039055333472788334,0.1483542769588831,11.599609627666533,0.0862097977517169,247
s1,0,value,0.004756106063723564,0.15652784539544867,2.821166538731857,0.3544632995858196,192
s1,1,query,0.002937573939561844,0.15805852259526504,13.254993225734266,0.07544326752717784,214
s1,1,value,0.004682159051299095,0.15269564654963824,3.98342505626686,0.2510402444817597,197
s1,2,query,0.0026047024875879288,0.1375654483081342,6.181380877640043,0.16177614998896245,168
s1,2,value,0.005576259922236204,0.155113838389582,2.943353487749911,0.3397485229558562,148
s1,3,query,0.0033317855559289455,0.15977971014514464,7.435048182750996,0.13449811963827735,206
s1,3,value,0.004628185648471117,0.1624004916744377,4.243345466751964,0.23566311247465843,195
s1,4,query,0.0038837664760649204,0.17264484280093184,7.161273792010533,0.1396399619737551,219
s1,4,value,0.0048303185030817986,0.17004846020268963,4.475890166461568,0.22341924462157967,218
s1,5,query,0.00408164644613862,0.18347470742029076,11.66349003615445,0.08573763058057264,248
s1,5,value,0.004637174308300018,0.17554010922639504,4.78419306994874,0.20902166475708606,224
s1,6,query,0.003855770220980048,0.18452307883827132,12.776967931643517,0.07826582999581568,232
s1,6,value,0.004793668165802956,0.1826196550013216,4.6248970666667315,0.21622102840025426,220
s1,7,query,0.003973026294261217,0.1959437914193144,11.18531441612663,0.08940294056984503,245
s1,7,value,0.004962231032550335,0.18953577500270147,4.8585632603382525,0.20582216314095705,216
s1,8,query,0.004041784442961216,0.20373946375022162,14.322872273541382,0.06981839821662715,242
s1,8,value,0.005451961420476437,0.19243071786593224,5.578129733945608,0.1792715565424228,220
s1,9,query,0.0042057218961417675,0.2096428745807194,11.470556357163828,0.08717972946233418,241
s1,9,value,0.005178040359169245,0.19577127431249147,5.878121825654802,0.17012236725607563,216
s1,10,query,0.003892801469191909,0.21279004231069867,10.278530043309924,0.09729017629820313,234
s1,10,value,0.005672744009643793,0.19861487877419737,6.730338853588726,0.14858092909642787,210
s1,11,query,0.004128069616854191,0.21369049552026995,10.314710907492465,0.09694891199263894,232
s1,11,value,0.005296011455357075,0.19409028324569227,8.049964006548437,0.12422415792002622,218
s1,12,query,0.004421645775437355,0.2154751710931925,8.550602084269126,0.11695082874219336,223
s1,12,value,0.00500838877633214,0.19414585019614747,8.117886095513114,0.1231847784305222,210
s1,13,query,0.004294680431485176,0.22032416128353594,7.697437592701837,0.129913362460792,220
s1,13,value,0.005116044543683529,0.2014725429946606,7.484952154996239,0.1336013883979867,181
s1,14,query,0.004394615534693003,0.2242315645009966,7.300870722242511,0.13696996400079298,194
s1,14,value,0.004895188845694065,0.20067975263431212,6.640575925915386,0.15058934814635866,153
s1,15,query,0.004493725020438433,0.22895370266849008,6.734535598473388,0.14848833826443564,178
s1,15,value,0.00508226128295064,0.2089656008807222,5.089031141970883,0.19650105729412362,116
s1,16,query,0.00465971976518631,0.23643992360097627,4.662213388091784,0.21449039689049798,154
s1,16,value,0.005588972009718418,0.2180283383917018,3.996060234569098,0.25024647810591166,84
s1,17,query,0.00481096375733614,0.24309624851577125,3.5278262648857788,0.28346067093878763,116
s1,17,value,0.005352932494133711,0.21318628544858784,2.930779605218285,0.3412061412668114,60
s1,18,query,0.004242505878210068,0.22005811091689653,4.380646007383402,0.2282768336712303,112
s1,18,value,0.0055341036058962345,0.21140517041328416,2.163085259213139,0.46230262803592304,42
s1,19,query,0.004312186036258936,0.21837328925382557,3.4696461052672323,0.2882138320913798,105
s1,19,value,0.005899899639189243,0.21667706860221875,1.993278581210114,0.5016860209238303,36
s1,20,query,0.004014593083411455,0.20616184294787368,4.449787748698577,0.22472982004421865,115
s1,20,value,0.006276903674006462,0.20780626073718642,2.599252344497941,0.3847260163549665,63
s1,21,query,0.0042529599741101265,0.21046443830077502,3.830455171630027,0.2610655797270318,115
s1,21,value,0.006599473766982555,0.2085889051852721,2.8826874291512725,0.34689851903035573,67
s1,22,query,0.004073907155543566,0.2113293663533921,3.972188442670272,0.2517503926192781,87
s1,22,value,0.006703925784677267,0.21192065582200414,3.238718114916697,0.30876413584567886,74
s1,23,query,0.004489659331738949,0.2215741712733003,2.1173162435261776,0.47229600351745304,36
s1,23,value,0.006543747149407864,0.2348750208711351,2.6298146384419967,0.3802549371283591,34
s2,0,query,0.005132303573191166,0.1949539211480653,17.32951709165664,0.05770501247732134,234
s2,0,value,0.005835504736751318,0.1920526067746922,3.690229083413452,0.2709858866200801,211
s2,1,query,0.0036771304439753294,0.19785086436005261,15.021064817399155,0.06657317654615823,211
s2,1,value,0.005733876023441553,0.18699460648461289,5.994233940027167,0.1668269890706781,217
s2,2,query,0.003286817343905568,0.17359297839919838,10.552207414785427,0.09476690143512825,176
s2,2,value,0.006819694768637419,0.18970267254133802,4.005224535456009,0.24967389247408234,178
s2,3,query,0.004111462738364935,0.1971703483137897,9.653767399202511,0.10358650241382542,212
s2,3,value,0.005891895852982998,0.20674335983448797,4.22726714897789,0.23655945194800138,213
s2,4,query,0.004793900530785322,0.21310393205942205,12.889092385954044,0.0775849819409903,230
s2,4,value,0.006153049413114786,0.21661470788575388,4.079114711650218,0.24515123272800704,223
s2,5,query,0.004999916534870863,0.22475222613230494,13.630923167494732,0.07336260264342705,242
s2,5,value,0.005786689464002848,0.21905535813933044,4.847862374516571,0.20627648285904981,226
s2,6,query,0.004762009251862764,0.2278925807144641,13.886579559454665,0.07201197355465054,238
s2,6,value,0.005669738631695509,0.21599430060705246,5.775198669416646,0.17315421637278672,229
s2,7,query,0.0046070413663983345,0.22721235384843533,13.136045222396774,0.07612641271172041,249
s2,7,value,0.005589085165411234,0.21347853795082442,7.372141498800583,0.1356457957518444,239
s2,8,query,0.004551535472273827,0.22943507675859245,14.444301307328375,0.06923145527936653,249
s2,8,value,0.006229826714843512,0.21988556165995918,6.878578902275192,0.14537886592668656,240
s2,9,query,0.004855792969465256,0.24204582746281694,9.093116640551745,0.10997329513407877,241
s2,9,value,0.0059332153759896755,0.22432308736548523,6.224482491722277,0.16065592622838368,231
s2,10,query,0.004303220193833113,0.23522471929839286,10.720672825765186,0.0932777276437988,231
s2,10,value,0.0060613094829022884,0.21221960946934487,7.347219433172578,0.13610591178004242,221
s2,11,query,0.004574672784656286,0.23680858586158426,9.783100750456084,0.10221708081186635,234
s2,11,value,0.005905295722186565,0.216419480654871,7.2379426362497705,0.13816080760183183,218
s2,12,query,0.004967909771949053,0.24209545658480927,7.8526861594031105,0.12734495938088156,224
s2,12,value,0.00563641544431448,0.21849050791528377,7.349435043181723,0.13606488037848952,213
s2,13,query,0.004760522861033678,0.24422230425463673,8.084238448558427,0.12369748942503285,215
s2,13,value,0.005446988623589277,0.21450512426935434,7.030520279024413,0.14223698393751943,189
s2,14,query,0.0048230355605483055,0.24609157896067665,6.931679454577781,0.14426518227694238,191
s2,14,value,0.0053186314180493355,0.21803894703782442,6.184805497405584,0.16168657210311338,160
s2,15,query,0.00509421294555068,0.2595480997806374,4.648265865075996,0.21513399384345472,173
s2,15,value,0.005533488467335701,0.2275185378058849,4.470809752010078,0.22367312756942956,118
s2,16,query,0.005497883539646864,0.2789699241076765,3.97238703185194,0.2517378070116689,154
s2,16,value,0.006167789921164513,0.24060764089834769,3.860614519046148,0.2590261200818031,91
s2,17,query,0.005371461156755686,0.2714182850696957,3.1462655221818423,0.3178371287959605,122
s2,17,value,0.005766019225120544,0.22963776989204662,3.784080904116263,0.26426496296953267,66
s2,18,query,0.005255657248198986,0.2726102747529177,3.5502260128178857,0.2816722080198719,100
s2,18,value,0.006316277198493481,0.24128381345432642,2.116185615678034,0.47254834008480684,36
s2,19,query,0.005169479642063379,0.2617870544382584,3.986348491959029,0.25085614115703303,99
s2,19,value,0.0064973123371601105,0.2386170557881862,2.1360081833043973,0.4681630004118259,33
s2,20,query,0.0047752996906638145,0.2452261105882058,3.8856255506748556,0.25735881827993434,100
s2,20,value,0.007056450936943293,0.2336142279312844,2.6488985192482897,0.37751540602007744,47
s2,21,query,0.0050262282602488995,0.2487298072349003,3.3905893363012307,0.2949339777877355,96
s2,21,value,0.00729194562882185,0.23047542062497875,2.9502884285515534,0.3389499109044572,51
s2,22,query,0.004667057190090418,0.24209758290329245,4.05412416910383,0.24666240062919717,86
s2,22,value,0.0072762975469231606,0.2300140838011345,3.058647037302657,0.32694194125840503,51
s2,23,query,0.004619822837412357,0.22799710987788802,3.160385459465675,0.3164170993778302,47
s2,23,value,0.006871683523058891,0.24664558350272256,2.7422784510535307,0.3646602698627556,32
s3,0,query,0.004944145679473877,0.18780639638373361,19.436575926322906,0.05144939128119282,235
s3,0,value,0.005657814908772707,0.1862044523803809,3.3511829245508213,0.2984020933843938,198
s3,1,query,0.0034768797922879457,0.18707656049059293,15.385461939726389,0.06499642350145671,216
s3,1,value,0.005595403723418713,0.1824784280280424,5.4594406968379285,0.18316894633166236,210
s3,2,query,0.0030002424027770758,0.15845567839779012,11.884027665503524,0.08414655604536832,174
s3,2,value,0.00649153022095561,0.18057397860453797,4.158666480259016,0.24046169721639152,187
s3,3,query,0.0037813372910022736,0.18133830620151073,10.817755668856462,0.09244061620645841,216
s3,3,value,0.005356179550290108,0.1879452170641149,4.924396652678025,0.20307056285893865,225
s3,4,query,0.004268770106136799,0.18976013998316593,15.994711295488708,0.06252066583296499,237
s3,4,value,0.00532733928412199,0.1875457499524208,4.338046409938556,0.23051851121485903,232
s3,5,query,0.004380825906991959,0.1969238066567337,14.280343373749348,0.07002632736676603,244
s3,5,value,0.005199324805289507,0.19682083821690435,4.308954236233047,0.23207487134377533,224
s3,6,query,0.004098894540220499,0.1961581078659549,12.329802207309129,0.08110430185223881,234
s3,6,value,0.005314142908900976,0.20244741192060087,4.3963710484429255,0.22746032784338635,215
s3,7,query,0.004187463782727718,0.20651950232848418,13.243237341380071,0.07551023773283749,232
s3,7,value,0.005408413242548704,0.20657768030051304,4.733775851783927,0.21124785611113153,218
s3,8,query,0.004051579628139734,0.20423325729993375,10.04982910217298,0.09950417960677355,219
s3,8,value,0.005895332433283329,0.20807959576845478,4.7905783956519885,0.2087430613613624,208
s3,9,query,0.00447323452681303,0.22297696261814887,9.796366704748031,0.10207866141998619,232
s3,9,value,0.005678295157849789,0.21468527619137037,5.701251526603224,0.17540008458384834,217
s3,10,query,0.003977541346102953,0.21742236901837259,11.082252914232658,0.09023436008356435,228
s3,10,value,0.0061005181632936,0.21359203456601192,5.766981159332912,0.17340094797807068,203
s3,11,query,0.004265487194061279,0.22080389589572982,11.161133558822906,0.08959663413484531,237
s3,11,value,0.005864892620593309,0.21493892003972917,5.934546368547516,0.16850487600870334,211
s3,12,query,0.004565475042909384,0.2224841684270443,9.510077374226078,0.10515161555995006,224
s3,12,value,0.005430942866951227,0.21052538780086855,5.868942354263758,0.1703884515535418,201
s3,13,query,0.004524116404354572,0.23209476453534303,8.634661657293808,0.11581229695957888,205
s3,13,value,0.005403163377195597,0.21277929874214788,5.753880353750225,0.17379575843078257,174
s3,14,query,0.004526542034000158,0.2309631265255043,7.123952004854909,0.1403715240246578,183
s3,14,value,0.005275367759168148,0.2162652835499945,5.004757100699876,0.1998098968399801,139
s3,15,query,0.004790207836776972,0.24405844181710865,5.75093028127662,0.17388491097791836,167
s3,15,value,0.005423083435744047,0.22297907390740693,4.244931747055402,0.23557504798367462,106
s3,16,query,0.005126054864376783,0.26010265687413997,3.9090771182006616,0.2558148559781541,136
s3,16,value,0.005960317328572273,0.23251433584063122,3.6420711655067617,0.27456904452355996,82
s3,17,query,0.005022985860705376,0.2538095538243328,3.226345225911368,0.3099482324361377,112
s3,17,value,0.005707263480871916,0.2272976785107859,3.6855109294711,0.2713328000206224,62
s3,18,query,0.005237446166574955,0.27166576748614235,3.2904484828728493,0.3039099396951848,85
s3,18,value,0.006339534185826778,0.24217206767549024,2.290904253990963,0.43650885813228957,35
s3,19,query,0.005115516949445009,0.259054958723848,3.949145774416481,0.2532193180809484,89
s3,19,value,0.006624206900596619,0.24327697796317282,2.381684359931695,0.4198709185916975,35
s3,20,query,0.004797361325472593,0.2463587596627439,3.314496519406461,0.30170494798983033,92
s3,20,value,0.007288523018360138,0.24129664414443777,3.020722806206107,0.3310465951875788,48
s3,21,query,0.0047847796231508255,0.2367819106630364,3.040818960088946,0.32885877558812293,85
s3,21,value,0.007189821917563677,0.22724759499917968,3.1000836038151407,0.32257194572731607,57
s3,22,query,0.004652691073715687,0.24135272617204756,3.535707641872652,0.28282881428238227,65
s3,22,value,0.007518220692873001,0.2376617600606942,2.9706769007052714,0.33662361590470813,49
s3,23,query,0.004625648260116577,0.22828489335492855,3.4938221587496363,0.2862194910223703,34
s3,23,value,0.007072113920003176,0.25383923354484716,2.4284236272268007,0.411789767151119,26
s4,0,query,0.0041306354105472565,0.15690481118335095,14.498037121833745,0.0689748544300539,223
s4,0,value,0.0046323491260409355,0.1524554516841689,3.4244979815955325,0.29201360473107446,194
s4,1,query,0.003011460183188319,0.16203392304479683,15.901937428420682,0.06288541911960699,201
s4,1,value,0.004602661821991205,0.15010282144222786,4.835969697004846,0.20678376058049933,194
s4,2,query,0.0026428624987602234,0.1395813551985431,8.025672276695603,0.12460015379692634,165
s4,2,value,0.005414310377091169,0.15060924074872153,3.793750238255048,0.26359141672435304,150
s4,3,query,0.003148804185912013,0.15100431660563277,8.436259498386137,0.11853594595937934,192
s4,3,value,0.00426778057590127,0.14975396183993905,4.936112461877787,0.20258857708837166,207
s4,4,query,0.003524532075971365,0.15667639815243992,10.476099956299272,0.09545537024001957,200
s4,4,value,0.004372124094516039,0.15391823541629449,5.0299389371413294,0.19880957055282486,212
s4,5,query,0.0037579513154923916,0.1689242202827328,10.733047114299305,0.09317018637398237,213
s4,5,value,0.004316162317991257,0.16338826380757496,4.5794448035357584,0.21836708223405304,211
s4,6,query,0.0036038472317159176,0.17246671666405736,11.896183900590545,0.08406057004131876,220
s4,6,value,0.004479768220335245,0.17066079488170052,5.149453143165013,0.19419537807181,220
s4,7,query,0.003775128861889243,0.18618407915901947,13.727645185980093,0.07284570561463011,235
s4,7,value,0.004663378000259399,0.17812031435052503,6.5008762565468,0.15382541684175818,225
s4,8,query,0.003841979429125786,0.19366782333145566,13.866813052225304,0.07211462332648402,242
s4,8,value,0.005171970929950476,0.18254759266232778,7.0717131215809355,0.14140845122071954,226
s4,9,query,0.003985938150435686,0.1986871194099976,12.345177472972061,0.08100329073351534,241
s4,9,value,0.005069789942353964,0.19167863863794066,5.492974130101168,0.18205073905592603,214
s4,10,query,0.003683783346787095,0.20136482896145005,7.753665080308418,0.12897126580043394,219
s4,10,value,0.005426442250609398,0.18999135919086635,5.35233138864925,0.1868344703245975,194
s4,11,query,0.0038819818291813135,0.2009517970748479,9.490247943118836,0.1053713249636515,225
s4,11,value,0.005026131868362427,0.18419952926949695,6.586634143145243,0.15182261201507707,201
s4,12,query,0.004254099912941456,0.20731000048040818,8.023745111159863,0.12463008061025584,206
s4,12,value,0.004746498540043831,0.18399360381331523,7.244371004642792,0.13803820916393117,196
s4,13,query,0.004163408651947975,0.21359017275582484,6.180644035192787,0.16179543657683043,194
s4,13,value,0.004762868396937847,0.18756426872641765,6.383240958989989,0.15666023050432185,169
s4,14,query,0.004227928817272186,0.21572694886024799,5.688862697241546,0.1757820593006906,173
s4,14,value,0.004763498902320862,0.19528132907858878,6.279735071986645,0.15924238658743958,140
s4,15,query,0.004532748367637396,0.2309419164347965,4.406042093033333,0.22696106366781246,152
s4,15,value,0.004913000389933586,0.202006117682669,5.392871479250803,0.1854299706283606,107
s4,16,query,0.0046964483335614204,0.23830347300062432,4.173906353566368,0.2395837173360529,126
s4,16,value,0.005344450939446688,0.2084895508640122,4.693676120288814,0.21305262109531053,81
s4,17,query,0.004662645515054464,0.23560211123606908,3.4100056625385706,0.2932546449953847,101
s4,17,value,0.005301461089402437,0.21113622678170837,4.052400009659961,0.24676734715631155,61
s4,18,query,0.004509513266384602,0.23390777726677756,4.169262369340329,0.23985058060959175,88
s4,18,value,0.005414013750851154,0.20681726171076376,2.600939262480057,0.38447649063764616,43
s4,19,query,0.00461987778544426,0.2339549910661131,3.271727754669934,0.3056489032660617,68
s4,19,value,0.005638172850012779,0.20706502620074996,2.244690627926419,0.44549568994448524,34
s4,20,query,0.004115100018680096,0.2113234517737497,3.4675386762095486,0.28838899674310897,87
s4,20,value,0.005942405667155981,0.19673213303366882,2.987663560455554,0.33470970869542005,56
s4,21,query,0.00431918865069747,0.2137418730240298,2.9782300560762778,0.33576989727834117,74
s4,21,value,0.006116182077676058,0.1933137802166269,2.871890151732051,0.3482027331013671,51
s4,22,query,0.0038026520051062107,0.19725811703834797,3.3479334428083467,0.2986917204546247,64
s4,22,value,0.006254977080971003,0.19772887811059942,2.7072292552619217,0.3693813510829732,46
s4,23,query,0.003980201203376055,0.1964313046645334,2.44242048393024,0.40942991044312,33
s4,23,value,0.005808888003230095,0.20849903900648967,2.2332740653576644,0.4477730769867905,29
