layer,module,pz,data_k50,data_k80,data_k90,data_share_k1016,data_share_k1024,data_share_k128,data_share_k256,data_share_k32,data_share_k512,data_share_k768,data_share_k8,data_share_k896,input_free_k1016,input_free_k1024,input_free_k128,input_free_k256,input_free_k32,input_free_k512,input_free_k768,input_free_k8,input_free_k896,sigma_k50,sigma_k80,sigma_k90,sigma_share_k1016,sigma_share_k1024,sigma_share_k128,sigma_share_k256,sigma_share_k32,sigma_share_k512,sigma_share_k768,sigma_share_k8,sigma_share_k896
0,query,s0,159,370,507,1.0,1.0,0.437,0.6634,0.1553,0.9031,0.9884,0.0556,0.9986,0.008,-0.0,0.8892,0.7812,0.974,0.5506,0.2826,0.9943,0.1438,152,353,481,1.0,1.0,0.4477,0.6838,0.1696,0.9177,0.9906,0.0646,0.9989
0,value,s0,143,333,467,1.0,1.0,0.4652,0.7105,0.1847,0.9232,0.9897,0.0859,0.9985,0.0192,0.0,0.8783,0.7531,0.9686,0.535,0.3106,0.9899,0.1807,153,353,481,1.0,1.0,0.4457,0.683,0.1616,0.9174,0.9904,0.0562,0.9989
1,query,s0,15,192,352,1.0,1.0,0.7394,0.8452,0.5948,0.9545,0.9941,0.288,0.9993,0.0123,0.0,0.8498,0.7684,0.9184,0.5929,0.3572,0.9706,0.1983,120,317,442,1.0,1.0,0.5174,0.73,0.2604,0.9359,0.9938,0.1074,0.9994
1,value,s0,66,242,374,1.0,1.0,0.6508,0.8148,0.3389,0.9556,0.9936,0.134,0.9983,0.0747,-0.0,0.8705,0.7895,0.9542,0.6389,0.4975,0.9862,0.4087,128,320,447,1.0,1.0,0.5006,0.7262,0.1992,0.9335,0.9928,0.066,0.9992
2,query,s0,6,106,275,1.0,1.0,0.8184,0.8915,0.6993,0.9697,0.9962,0.5202,0.9996,0.0111,-0.0,0.8178,0.7343,0.893,0.5334,0.2813,0.9454,0.1375,117,308,435,1.0,1.0,0.5261,0.7416,0.2407,0.938,0.9935,0.0978,0.9993
2,value,s0,70,239,375,1.0,1.0,0.6404,0.8188,0.359,0.9564,0.9939,0.2112,0.9987,0.105,0.0,0.8995,0.8212,0.9659,0.6792,0.5408,0.9864,0.4562,119,303,429,1.0,1.0,0.5219,0.746,0.2122,0.9402,0.9934,0.0788,0.9992
3,query,s0,18,163,343,1.0,1.0,0.7622,0.8611,0.5816,0.9553,0.9957,0.411,0.9996,0.0111,-0.0,0.8297,0.7465,0.9068,0.5617,0.2775,0.9454,0.1348,108,298,425,1.0,1.0,0.5462,0.7535,0.2489,0.9425,0.9945,0.1061,0.9994
3,value,s0,85,261,387,1.0,1.0,0.6112,0.7959,0.3042,0.9543,0.9944,0.1439,0.9988,0.2291,0.0,0.9097,0.8407,0.9705,0.7038,0.5786,0.9892,0.51,120,304,430,1.0,1.0,0.5215,0.7459,0.2038,0.9402,0.9937,0.0682,0.9993
4,query,s0,52,249,418,1.0,1.0,0.6735,0.8055,0.4016,0.934,0.9932,0.2322,0.9993,0.0205,0.0,0.8682,0.793,0.9493,0.6285,0.3161,0.9779,0.1692,111,299,425,1.0,1.0,0.5408,0.7519,0.2534,0.9426,0.9946,0.1226,0.9995
4,value,s0,81,258,397,1.0,1.0,0.6201,0.7988,0.2888,0.9509,0.9935,0.0996,0.9989,0.2479,0.0,0.9076,0.8409,0.9715,0.7099,0.5842,0.9921,0.5081,119,308,438,1.0,1.0,0.5221,0.7422,0.2051,0.9364,0.993,0.0642,0.9992
5,query,s0,53,275,447,1.0,1.0,0.6545,0.7858,0.4214,0.9279,0.99,0.2276,0.9994,0.0164,-0.0,0.8819,0.8144,0.9486,0.6498,0.3773,0.9783,0.1811,111,303,430,1.0,1.0,0.5392,0.7476,0.264,0.941,0.9946,0.1406,0.9995
5,value,s0,94,274,408,1.0,1.0,0.5835,0.7819,0.2668,0.9455,0.9929,0.0944,0.9989,0.3685,-0.0,0.9228,0.8612,0.9756,0.7465,0.6289,0.993,0.5598,127,315,442,1.0,1.0,0.5048,0.7326,0.1897,0.9351,0.9928,0.0591,0.9992
6,query,s0,37,247,430,1.0,1.0,0.6779,0.8069,0.4812,0.9313,0.9871,0.3598,0.9992,0.0131,-0.0,0.8965,0.8354,0.9474,0.6964,0.4345,0.9661,0.1801,112,299,423,1.0,1.0,0.5371,0.7518,0.2484,0.9437,0.9949,0.1241,0.9995
6,value,s0,93,274,401,1.0,1.0,0.5859,0.7832,0.2591,0.9492,0.9932,0.0794,0.9986,0.2199,0.0,0.9359,0.8831,0.9809,0.7798,0.679,0.9954,0.6194,119,302,429,1.0,1.0,0.5243,0.7481,0.2035,0.9403,0.9936,0.0646,0.9993
7,query,s0,78,328,512,1.0,1.0,0.597,0.7447,0.3708,0.9002,0.9822,0.1736,0.9983,0.0133,0.0,0.9142,0.8608,0.9624,0.7361,0.4665,0.9871,0.2356,123,315,439,1.0,1.0,0.5127,0.732,0.2383,0.9374,0.9942,0.1217,0.9994
7,value,s0,99,281,410,1.0,1.0,0.5725,0.7752,0.252,0.9448,0.993,0.0827,0.9985,0.4163,0.0,0.9435,0.8975,0.9825,0.8105,0.7194,0.9955,0.6677,126,312,437,1.0,1.0,0.5058,0.7351,0.1885,0.938,0.9936,0.0616,0.9993
8,query,s0,52,275,461,1.0,1.0,0.6519,0.7881,0.4259,0.9199,0.9828,0.2075,0.9983,0.0207,0.0,0.9149,0.8648,0.9619,0.756,0.5364,0.9869,0.2814,118,307,430,1.0,1.0,0.5237,0.7409,0.2427,0.9414,0.9948,0.114,0.9995
8,value,s0,88,265,396,1.0,1.0,0.6056,0.7926,0.2866,0.9469,0.992,0.1014,0.9984,0.2694,-0.0,0.9454,0.9057,0.9822,0.8285,0.7382,0.9953,0.6711,122,301,425,1.0,1.0,0.5169,0.7471,0.1998,0.9429,0.9944,0.0696,0.9994
9,query,s0,40,244,422,1.0,1.0,0.6894,0.8107,0.4686,0.9319,0.9857,0.2768,0.9987,0.0145,-0.0,0.9106,0.8631,0.9574,0.7592,0.5681,0.9801,0.2998,113,304,428,1.0,1.0,0.5349,0.7459,0.2566,0.9422,0.9952,0.1289,0.9996
9,value,s0,89,259,386,1.0,1.0,0.6003,0.7978,0.2592,0.9538,0.9934,0.0845,0.9986,0.2993,0.0,0.9501,0.9084,0.9858,0.8287,0.7467,0.9964,0.6893,112,287,410,1.0,1.0,0.5423,0.7645,0.2141,0.9483,0.995,0.0676,0.9995
10,query,s0,44,195,350,1.0,1.0,0.7235,0.8495,0.4451,0.9535,0.9888,0.2884,0.9982,0.0282,-0.0,0.9131,0.864,0.9654,0.7727,0.6476,0.9817,0.4479,107,292,417,1.0,1.0,0.552,0.7605,0.2371,0.9459,0.9953,0.0885,0.9996
10,value,s0,78,247,375,1.0,1.0,0.6303,0.8085,0.3122,0.9573,0.9943,0.1131,0.9988,0.1954,-0.0,0.9526,0.9157,0.9843,0.84,0.7606,0.9954,0.7016,106,278,399,1.0,1.0,0.5565,0.7749,0.2228,0.9522,0.9958,0.0715,0.9996
11,query,s0,24,183,338,1.0,1.0,0.7475,0.8556,0.5338,0.9526,0.9919,0.3951,0.9989,0.029,0.0,0.8991,0.8512,0.9502,0.7572,0.5924,0.9689,0.4263,121,307,430,1.0,1.0,0.518,0.7404,0.218,0.9419,0.9951,0.0836,0.9996
11,value,s0,76,251,393,1.0,1.0,0.6327,0.8049,0.3042,0.9486,0.9926,0.1076,0.9985,0.3735,0.0,0.9495,0.912,0.984,0.8332,0.7385,0.9956,0.6723,107,281,404,1.0,1.0,0.5543,0.7725,0.2238,0.9499,0.9951,0.0733,0.9995
12,query,s0,25,177,339,1.0,1.0,0.7476,0.8589,0.5321,0.9491,0.9904,0.3536,0.9992,0.0297,0.0,0.9035,0.8525,0.9516,0.7498,0.5283,0.9732,0.2769,99,275,398,1.0,1.0,0.5711,0.7794,0.2582,0.9527,0.9961,0.1127,0.9997
12,value,s0,81,262,394,1.0,1.0,0.6188,0.7954,0.2817,0.9509,0.9934,0.0804,0.9987,0.51,-0.0,0.9527,0.9171,0.9855,0.8399,0.7526,0.9967,0.6941,109,284,405,1.0,1.0,0.5497,0.7688,0.2164,0.9501,0.9952,0.0669,0.9995
13,query,s0,35,219,386,1.0,1.0,0.7083,0.8257,0.4894,0.9428,0.9875,0.3115,0.9983,0.0193,-0.0,0.9094,0.8599,0.9582,0.7492,0.5648,0.9793,0.344,109,297,421,1.0,1.0,0.5451,0.7544,0.2529,0.9445,0.9951,0.1162,0.9996
13,value,s0,75,249,385,1.0,1.0,0.6355,0.8071,0.2958,0.9514,0.9939,0.101,0.9986,0.3987,0.0,0.949,0.9121,0.9836,0.8349,0.7456,0.9954,0.6958,109,282,406,1.0,1.0,0.5501,0.7706,0.2108,0.9492,0.9949,0.0644,0.9994
14,query,s0,38,254,433,1.0,1.0,0.6795,0.8015,0.4724,0.929,0.9877,0.306,0.9983,0.0241,-0.0,0.9078,0.8567,0.9558,0.738,0.5135,0.9782,0.2987,115,306,430,1.0,1.0,0.5301,0.7438,0.2515,0.9412,0.9948,0.1264,0.9995
14,value,s0,106,290,409,1.0,1.0,0.554,0.7636,0.2377,0.9468,0.9923,0.087,0.9987,0.519,-0.0,0.9533,0.9142,0.9858,0.8302,0.7453,0.9958,0.6831,125,299,419,1.0,1.0,0.5082,0.7481,0.1833,0.9454,0.9945,0.0579,0.9994
15,query,s0,63,296,471,1.0,1.0,0.6217,0.7678,0.3921,0.9152,0.9856,0.2584,0.9982,0.0138,-0.0,0.9169,0.8631,0.9654,0.7453,0.5198,0.9812,0.3252,129,322,447,1.0,1.0,0.4998,0.7224,0.216,0.9341,0.9938,0.0894,0.9994
15,value,s0,107,289,416,1.0,1.0,0.5523,0.7646,0.2285,0.9445,0.9923,0.0785,0.9983,0.3931,-0.0,0.9539,0.9158,0.9859,0.8363,0.7523,0.996,0.6997,128,303,424,1.0,1.0,0.502,0.7434,0.1759,0.9436,0.9943,0.0544,0.9993
16,query,s0,51,250,413,1.0,1.0,0.6681,0.8066,0.4301,0.9354,0.9863,0.2849,0.9979,0.0308,-0.0,0.9166,0.8678,0.9624,0.7639,0.5939,0.9789,0.3638,124,309,431,1.0,1.0,0.5097,0.7385,0.2048,0.9414,0.9949,0.0709,0.9995
16,value,s0,101,290,428,1.0,1.0,0.5673,0.7664,0.2482,0.9373,0.9876,0.0831,0.9969,0.2503,0.0,0.9569,0.9224,0.9868,0.8528,0.7715,0.9965,0.6861,125,306,427,1.0,1.0,0.5077,0.741,0.1887,0.9423,0.9944,0.0605,0.9994
17,query,s0,40,251,410,1.0,1.0,0.6794,0.8038,0.4692,0.9366,0.9894,0.2143,0.9982,0.0204,0.0,0.9118,0.862,0.9557,0.7432,0.5409,0.9841,0.3513,120,304,426,1.0,1.0,0.5211,0.7447,0.2133,0.9434,0.9952,0.0722,0.9996
17,value,s0,92,270,408,1.0,1.0,0.5944,0.7868,0.2582,0.9419,0.9888,0.1045,0.9975,0.3377,-0.0,0.9531,0.9173,0.9854,0.8477,0.7625,0.9951,0.6797,121,298,421,1.0,1.0,0.5182,0.7507,0.1852,0.9444,0.9944,0.057,0.9994
18,query,s0,45,230,383,1.0,1.0,0.6869,0.8244,0.4635,0.948,0.9917,0.1925,0.9988,0.0562,-0.0,0.9185,0.8668,0.9618,0.7558,0.5823,0.9882,0.4225,112,291,412,1.0,1.0,0.541,0.7602,0.2264,0.9483,0.9957,0.0747,0.9997
18,value,s0,87,271,412,1.0,1.0,0.6088,0.7884,0.2875,0.9429,0.9902,0.1313,0.9981,0.4398,0.0,0.9482,0.912,0.9825,0.8362,0.745,0.9935,0.6696,125,304,426,1.0,1.0,0.5099,0.7444,0.18,0.9423,0.9941,0.0541,0.9993
19,query,s0,35,240,412,1.0,1.0,0.6896,0.813,0.4933,0.9346,0.9895,0.2605,0.999,0.0139,0.0,0.9081,0.8557,0.9521,0.74,0.5161,0.9803,0.2734,121,305,426,1.0,1.0,0.5182,0.7427,0.2139,0.9436,0.9954,0.0726,0.9997
19,value,s0,105,295,440,1.0,1.0,0.5667,0.7623,0.2284,0.9307,0.9898,0.0664,0.998,0.3027,-0.0,0.9419,0.9011,0.9818,0.8205,0.7101,0.9954,0.6381,137,322,445,1.0,1.0,0.4789,0.7209,0.1587,0.9345,0.9933,0.0454,0.9992
20,query,s0,14,147,320,1.0,1.0,0.7828,0.873,0.6166,0.9612,0.9947,0.3226,0.9996,0.0143,-0.0,0.8833,0.8265,0.9347,0.6873,0.4622,0.973,0.2586,102,278,399,1.0,1.0,0.5653,0.7761,0.2546,0.953,0.9964,0.0905,0.9998
20,value,s0,147,382,522,1.0,1.0,0.4648,0.6608,0.1888,0.895,0.9851,0.0601,0.9971,0.1154,0.0,0.9439,0.8945,0.9838,0.7779,0.6383,0.9959,0.5502,147,354,483,1.0,1.0,0.4586,0.6859,0.1648,0.9166,0.991,0.0517,0.999
21,query,s0,7,82,209,1.0,1.0,0.8514,0.9178,0.7018,0.9762,0.9966,0.5119,0.9997,0.027,-0.0,0.8694,0.8077,0.9303,0.6699,0.4617,0.9611,0.2544,80,250,374,1.0,1.0,0.6208,0.8072,0.3015,0.9593,0.9969,0.1146,0.9998
21,value,s0,208,429,553,1.0,1.0,0.3462,0.5874,0.1244,0.8747,0.9813,0.048,0.997,0.212,0.0,0.9524,0.8963,0.988,0.7815,0.6571,0.9968,0.575,185,402,526,1.0,1.0,0.3863,0.6189,0.1342,0.8915,0.988,0.0461,0.9987
22,query,s0,1,48,170,1.0,1.0,0.8767,0.9316,0.7669,0.9815,0.9981,0.67,0.9997,0.0122,-0.0,0.8496,0.7775,0.9181,0.6223,0.3985,0.9453,0.2508,86,264,389,1.0,1.0,0.5995,0.7919,0.3039,0.9552,0.9965,0.1345,0.9997
22,value,s0,186,400,516,1.0,1.0,0.387,0.6148,0.1239,0.8976,0.9855,0.053,0.9976,0.0538,0.0,0.9414,0.8843,0.987,0.7503,0.6205,0.9964,0.5374,175,380,504,1.0,1.0,0.3988,0.6432,0.1321,0.9052,0.9898,0.0453,0.9989
23,query,s0,15,130,276,1.0,1.0,0.7994,0.8918,0.6138,0.9724,0.9971,0.4169,0.9997,0.0198,0.0,0.8618,0.7758,0.939,0.5921,0.3503,0.974,0.1986,77,250,374,1.0,1.0,0.6237,0.8068,0.3253,0.959,0.9966,0.1498,0.9997
23,value,s0,166,368,489,1.0,1.0,0.424,0.6479,0.1466,0.9137,0.9886,0.0464,0.9983,0.217,-0.0,0.9282,0.864,0.9802,0.7175,0.5767,0.9946,0.4842,167,366,488,1.0,1.0,0.4125,0.6602,0.1294,0.9143,0.9916,0.0371,0.9992
0,query,s2,159,370,507,1.0,1.0,0.4364,0.6631,0.1544,0.9029,0.9884,0.0552,0.9986,0.008,0.0,0.8894,0.7814,0.9742,0.551,0.2825,0.9943,0.1437,152,353,481,1.0,1.0,0.4477,0.6838,0.1695,0.9177,0.9906,0.0646,0.9989
0,value,s2,143,333,467,1.0,1.0,0.4649,0.7099,0.1848,0.9229,0.9897,0.086,0.9985,0.0189,-0.0,0.8785,0.7536,0.9687,0.5354,0.3107,0.9899,0.1817,153,353,481,1.0,1.0,0.4457,0.683,0.1616,0.9174,0.9904,0.0562,0.9989
1,query,s2,15,192,352,1.0,1.0,0.7387,0.8453,0.5936,0.9542,0.994,0.2947,0.9993,0.0113,0.0,0.8505,0.7688,0.9193,0.5943,0.3582,0.9699,0.198,120,317,442,1.0,1.0,0.5174,0.73,0.2604,0.9359,0.9938,0.1073,0.9994
1,value,s2,66,241,374,1.0,1.0,0.6516,0.8151,0.3423,0.9556,0.9936,0.1387,0.9983,0.0802,-0.0,0.8715,0.7911,0.9543,0.6416,0.5013,0.9858,0.4128,128,320,447,1.0,1.0,0.5006,0.7262,0.1992,0.9334,0.9928,0.0661,0.9992
2,query,s2,6,111,279,1.0,1.0,0.8148,0.8896,0.6928,0.9686,0.9962,0.5176,0.9996,0.0113,0.0,0.8213,0.7377,0.8965,0.5392,0.2832,0.9467,0.139,117,308,436,1.0,1.0,0.5261,0.7416,0.2407,0.938,0.9935,0.0978,0.9993
2,value,s2,69,235,372,1.0,1.0,0.6436,0.8212,0.3614,0.9569,0.994,0.2139,0.9987,0.1369,0.0,0.9003,0.823,0.9663,0.6848,0.548,0.9864,0.4656,119,303,429,1.0,1.0,0.522,0.7461,0.2123,0.9402,0.9934,0.0789,0.9992
3,query,s2,17,163,346,1.0,1.0,0.7634,0.86,0.5848,0.9539,0.9956,0.4208,0.9996,0.0117,-0.0,0.8339,0.7535,0.9088,0.572,0.2834,0.9453,0.136,108,298,425,1.0,1.0,0.5462,0.7535,0.2489,0.9425,0.9945,0.1061,0.9994
3,value,s2,84,261,386,1.0,1.0,0.6125,0.7959,0.3074,0.9545,0.9943,0.1441,0.9988,0.2806,-0.0,0.9136,0.8478,0.9715,0.7162,0.5966,0.9897,0.5298,120,304,430,1.0,1.0,0.5215,0.7459,0.2039,0.9402,0.9937,0.0682,0.9993
4,query,s2,50,246,420,1.0,1.0,0.6811,0.8066,0.4164,0.9323,0.993,0.247,0.9993,0.0242,0.0,0.871,0.8006,0.9492,0.6413,0.3241,0.9769,0.1738,111,299,425,1.0,1.0,0.5408,0.7519,0.2534,0.9426,0.9946,0.1226,0.9995
4,value,s2,85,265,404,1.0,1.0,0.6076,0.7911,0.2807,0.9485,0.9933,0.098,0.9989,0.2652,-0.0,0.9154,0.8516,0.9741,0.7249,0.6024,0.9928,0.5289,119,308,438,1.0,1.0,0.5221,0.7422,0.2051,0.9364,0.993,0.0642,0.9992
5,query,s2,36,245,428,1.0,1.0,0.6907,0.8077,0.4784,0.9338,0.9907,0.2793,0.9994,0.0177,-0.0,0.8728,0.8077,0.9378,0.6497,0.3789,0.9708,0.1819,111,303,430,1.0,1.0,0.5392,0.7475,0.264,0.941,0.9946,0.1406,0.9995
5,value,s2,96,283,417,1.0,1.0,0.576,0.774,0.2662,0.9426,0.9925,0.0947,0.9989,0.3841,-0.0,0.9271,0.8678,0.9767,0.7534,0.6344,0.9933,0.5642,127,315,442,1.0,1.0,0.5048,0.7326,0.1897,0.9351,0.9928,0.0591,0.9992
6,query,s2,22,200,383,1.0,1.0,0.728,0.8398,0.5486,0.9438,0.9898,0.4158,0.9994,0.0124,-0.0,0.8737,0.8107,0.929,0.6717,0.4156,0.9534,0.1758,112,299,423,1.0,1.0,0.5371,0.7518,0.2484,0.9437,0.9949,0.1241,0.9995
6,value,s2,95,277,404,1.0,1.0,0.5785,0.7795,0.2646,0.9482,0.9934,0.0845,0.9987,0.2526,-0.0,0.9346,0.8783,0.9798,0.769,0.6618,0.9949,0.6006,119,302,429,1.0,1.0,0.5243,0.7481,0.2035,0.9403,0.9936,0.0646,0.9993
7,query,s2,52,286,471,1.0,1.0,0.6437,0.7756,0.4423,0.9161,0.9856,0.241,0.9987,0.0123,0.0,0.9004,0.8447,0.9506,0.7149,0.4477,0.9793,0.2277,123,315,439,1.0,1.0,0.5127,0.732,0.2383,0.9374,0.9942,0.1217,0.9994
7,value,s2,108,288,419,1.0,1.0,0.5514,0.7666,0.2402,0.9417,0.9928,0.0802,0.9986,0.4272,0.0,0.9445,0.895,0.9831,0.8039,0.7056,0.9956,0.6495,126,312,437,1.0,1.0,0.5059,0.7351,0.1885,0.938,0.9936,0.0616,0.9993
8,query,s2,44,256,436,1.0,1.0,0.676,0.8006,0.4603,0.9273,0.985,0.2445,0.9986,0.0271,-0.0,0.9055,0.8546,0.9554,0.7392,0.5177,0.9826,0.2715,118,307,430,1.0,1.0,0.5237,0.7409,0.2426,0.9414,0.9948,0.114,0.9995
8,value,s2,91,265,397,1.0,1.0,0.6008,0.7923,0.2788,0.947,0.9921,0.1012,0.9985,0.2851,-0.0,0.9429,0.9008,0.9818,0.8199,0.7256,0.9949,0.6556,122,301,425,1.0,1.0,0.5169,0.7471,0.1998,0.9429,0.9944,0.0696,0.9994
9,query,s2,30,228,405,1.0,1.0,0.7072,0.8214,0.506,0.9385,0.9873,0.3134,0.9988,0.0159,-0.0,0.9031,0.8538,0.9504,0.7428,0.554,0.9751,0.2892,113,304,428,1.0,1.0,0.5349,0.7459,0.2566,0.9422,0.9952,0.1289,0.9996
9,value,s2,82,248,377,1.0,1.0,0.6176,0.8079,0.2761,0.9551,0.9939,0.0858,0.9988,0.3212,-0.0,0.9443,0.8998,0.9833,0.8171,0.7291,0.996,0.6695,112,287,410,1.0,1.0,0.5423,0.7645,0.2141,0.9483,0.995,0.0676,0.9995
10,query,s2,32,176,332,1.0,1.0,0.7499,0.8616,0.5024,0.957,0.9901,0.3423,0.9985,0.0272,0.0,0.9057,0.8573,0.9573,0.7633,0.6333,0.9757,0.4361,107,292,417,1.0,1.0,0.552,0.7605,0.2371,0.9459,0.9953,0.0885,0.9996
10,value,s2,77,244,375,1.0,1.0,0.6346,0.8113,0.3031,0.9572,0.9945,0.0961,0.9988,0.2254,0.0,0.9494,0.9112,0.9839,0.833,0.7481,0.996,0.6886,106,278,399,1.0,1.0,0.5565,0.7749,0.2228,0.9522,0.9958,0.0715,0.9996
11,query,s2,16,159,314,1.0,1.0,0.7707,0.8702,0.5791,0.9571,0.9929,0.4452,0.999,0.0366,-0.0,0.8912,0.8427,0.9415,0.7496,0.5852,0.9613,0.423,121,307,430,1.0,1.0,0.518,0.7404,0.218,0.9419,0.9951,0.0836,0.9996
11,value,s2,80,262,403,1.0,1.0,0.6194,0.7948,0.2899,0.945,0.9921,0.0932,0.9983,0.3521,0.0,0.9519,0.9155,0.9852,0.8368,0.7388,0.9963,0.6717,107,281,404,1.0,1.0,0.5543,0.7725,0.2238,0.9499,0.9951,0.0733,0.9995
12,query,s2,20,156,318,1.0,1.0,0.7701,0.8705,0.5756,0.9539,0.9916,0.3881,0.9994,0.0264,-0.0,0.8931,0.8418,0.9418,0.7356,0.5107,0.9673,0.2624,99,275,398,1.0,1.0,0.5711,0.7794,0.2582,0.9527,0.9961,0.1128,0.9997
12,value,s2,93,283,416,1.0,1.0,0.5858,0.7738,0.256,0.9421,0.9923,0.0774,0.9986,0.4795,0.0,0.9565,0.9204,0.9875,0.8407,0.7414,0.997,0.6764,109,284,405,1.0,1.0,0.5497,0.7687,0.2163,0.9501,0.9952,0.0669,0.9995
13,query,s2,31,201,367,1.0,1.0,0.7282,0.8381,0.5168,0.9481,0.989,0.3318,0.9986,0.0169,0.0,0.8991,0.8476,0.9517,0.7317,0.5458,0.976,0.3275,109,297,421,1.0,1.0,0.5451,0.7545,0.2529,0.9445,0.9951,0.1162,0.9996
13,value,s2,85,261,398,1.0,1.0,0.6124,0.7961,0.2747,0.9474,0.9933,0.0925,0.9985,0.3832,0.0,0.9497,0.9099,0.9846,0.8281,0.7309,0.9957,0.6742,109,282,406,1.0,1.0,0.5501,0.7706,0.2108,0.9492,0.9949,0.0644,0.9994
14,query,s2,36,241,418,1.0,1.0,0.687,0.8094,0.4763,0.9338,0.9887,0.31,0.9985,0.0185,0.0,0.9012,0.847,0.9533,0.7237,0.4991,0.977,0.287,115,306,430,1.0,1.0,0.5302,0.7438,0.2515,0.9412,0.9948,0.1264,0.9995
14,value,s2,115,302,421,1.0,1.0,0.5297,0.7494,0.2089,0.9442,0.9922,0.0689,0.9987,0.5,0.0,0.9541,0.9128,0.9873,0.822,0.7316,0.9967,0.668,125,299,419,1.0,1.0,0.5083,0.7481,0.1833,0.9454,0.9945,0.058,0.9994
15,query,s2,70,298,460,1.0,1.0,0.6105,0.7654,0.3707,0.9195,0.9871,0.2395,0.9984,0.014,0.0,0.9123,0.8519,0.9659,0.7228,0.4963,0.9822,0.3102,129,322,447,1.0,1.0,0.4998,0.7224,0.216,0.9341,0.9938,0.0894,0.9994
15,value,s2,109,291,420,1.0,1.0,0.5506,0.7629,0.2193,0.942,0.9923,0.0729,0.9982,0.3662,-0.0,0.9514,0.9114,0.9858,0.8292,0.7367,0.9961,0.6818,128,303,424,1.0,1.0,0.502,0.7434,0.1759,0.9436,0.9943,0.0544,0.9993
16,query,s2,57,255,409,1.0,1.0,0.6544,0.8005,0.388,0.9377,0.9873,0.2298,0.998,0.0279,-0.0,0.9101,0.8559,0.9637,0.7406,0.568,0.9825,0.3477,124,309,431,1.0,1.0,0.5096,0.7385,0.2048,0.9413,0.9949,0.0709,0.9995
16,value,s2,105,299,433,1.0,1.0,0.555,0.7558,0.2352,0.9365,0.9879,0.0801,0.997,0.2105,-0.0,0.9528,0.9143,0.986,0.833,0.7404,0.9962,0.6511,125,306,427,1.0,1.0,0.5077,0.7411,0.1887,0.9423,0.9944,0.0605,0.9994
17,query,s2,50,262,414,1.0,1.0,0.6669,0.7946,0.4286,0.9373,0.9893,0.2063,0.9982,0.0142,0.0,0.9099,0.8592,0.9592,0.7323,0.536,0.9841,0.3455,120,304,426,1.0,1.0,0.5212,0.7447,0.2133,0.9434,0.9952,0.0722,0.9996
17,value,s2,96,278,422,1.0,1.0,0.5833,0.7781,0.2496,0.938,0.9885,0.1036,0.9976,0.3397,0.0,0.9527,0.9155,0.9857,0.8416,0.7488,0.9951,0.6613,121,298,421,1.0,1.0,0.5182,0.7508,0.1853,0.9444,0.9944,0.057,0.9994
18,query,s2,55,239,394,1.0,1.0,0.665,0.8165,0.4228,0.9453,0.9916,0.1832,0.9988,0.0557,0.0,0.9193,0.8631,0.9653,0.7487,0.5648,0.9886,0.4079,112,291,412,1.0,1.0,0.541,0.7602,0.2264,0.9483,0.9957,0.0747,0.9997
18,value,s2,89,275,414,1.0,1.0,0.598,0.7831,0.2726,0.9437,0.9909,0.1233,0.9982,0.4262,0.0,0.9462,0.907,0.9826,0.8241,0.728,0.9937,0.6534,125,304,426,1.0,1.0,0.5099,0.7444,0.18,0.9423,0.9941,0.0541,0.9993
19,query,s2,37,252,416,1.0,1.0,0.6835,0.8033,0.4778,0.934,0.9898,0.2717,0.9991,0.0187,0.0,0.9091,0.8588,0.9547,0.7351,0.5114,0.9797,0.2692,121,305,426,1.0,1.0,0.5182,0.7427,0.2139,0.9436,0.9954,0.0726,0.9997
19,value,s2,109,298,443,1.0,1.0,0.5513,0.7551,0.2161,0.9316,0.9907,0.0648,0.9981,0.2988,-0.0,0.9396,0.8938,0.9817,0.8034,0.6907,0.9953,0.6202,137,322,445,1.0,1.0,0.4789,0.7209,0.1587,0.9345,0.9933,0.0454,0.9992
20,query,s2,17,158,334,1.0,1.0,0.7748,0.8677,0.6074,0.96,0.9946,0.359,0.9995,0.0182,-0.0,0.8875,0.8308,0.9376,0.6874,0.4567,0.9708,0.2594,102,278,399,1.0,1.0,0.5653,0.7761,0.2546,0.953,0.9964,0.0905,0.9998
20,value,s2,147,376,512,1.0,1.0,0.4672,0.6712,0.1816,0.9003,0.9856,0.0551,0.9968,0.1355,0.0,0.9429,0.8913,0.9842,0.7763,0.6417,0.9961,0.5581,147,354,483,1.0,1.0,0.4586,0.6859,0.1647,0.9166,0.991,0.0517,0.999
21,query,s2,11,112,268,1.0,1.0,0.8175,0.896,0.6431,0.9717,0.996,0.4589,0.9997,0.025,-0.0,0.8856,0.8235,0.9444,0.6737,0.4657,0.9703,0.2569,80,250,374,1.0,1.0,0.6208,0.8072,0.3015,0.9593,0.9969,0.1146,0.9998
21,value,s2,201,424,547,1.0,1.0,0.3518,0.5893,0.1154,0.8789,0.9823,0.0363,0.9969,0.2343,0.0,0.9506,0.8961,0.9883,0.7816,0.6636,0.9974,0.5851,185,402,526,1.0,1.0,0.3863,0.6189,0.1342,0.8915,0.988,0.0461,0.9987
22,query,s2,2,97,246,1.0,1.0,0.8278,0.9038,0.6893,0.9726,0.997,0.5726,0.9996,0.0123,-0.0,0.8853,0.8157,0.9451,0.6652,0.4331,0.9672,0.2703,86,264,389,1.0,1.0,0.5995,0.7919,0.3039,0.9552,0.9965,0.1345,0.9997
22,value,s2,183,391,522,1.0,1.0,0.3842,0.6334,0.1233,0.8946,0.9864,0.0414,0.9978,0.0668,0.0,0.945,0.8866,0.9868,0.7724,0.6468,0.997,0.5733,175,380,504,1.0,1.0,0.3988,0.6432,0.132,0.9052,0.9898,0.0453,0.9989
23,query,s2,27,178,325,1.0,1.0,0.7442,0.8633,0.5229,0.9624,0.9959,0.3575,0.9996,0.0131,-0.0,0.8864,0.8006,0.9589,0.6237,0.3719,0.9821,0.207,77,250,374,1.0,1.0,0.6237,0.8068,0.3253,0.959,0.9966,0.1498,0.9997
23,value,s2,166,371,486,1.0,1.0,0.4275,0.6582,0.1367,0.9151,0.9894,0.0401,0.9981,0.2247,-0.0,0.9282,0.8629,0.9817,0.722,0.586,0.9954,0.5017,167,367,488,1.0,1.0,0.4125,0.6602,0.1294,0.9143,0.9916,0.0371,0.9992
0,query,s3,159,370,507,1.0,1.0,0.4362,0.663,0.1549,0.9029,0.9884,0.0554,0.9986,0.0081,-0.0,0.8895,0.7815,0.9741,0.5511,0.2826,0.9943,0.1436,152,353,481,1.0,1.0,0.4477,0.6838,0.1696,0.9178,0.9906,0.0646,0.9989
0,value,s3,143,333,467,1.0,1.0,0.465,0.7094,0.1849,0.9228,0.9897,0.0863,0.9985,0.0191,-0.0,0.8788,0.7543,0.9687,0.5363,0.3114,0.9899,0.1832,153,353,481,1.0,1.0,0.4457,0.683,0.1616,0.9174,0.9904,0.0562,0.9989
1,query,s3,15,195,353,1.0,1.0,0.735,0.8434,0.5891,0.9541,0.9941,0.2969,0.9993,0.0116,-0.0,0.8518,0.7689,0.9207,0.5924,0.3564,0.9698,0.1973,120,317,442,1.0,1.0,0.5174,0.73,0.2604,0.9359,0.9938,0.1074,0.9994
1,value,s3,67,241,374,1.0,1.0,0.6509,0.815,0.3424,0.9557,0.9937,0.1382,0.9984,0.0678,0.0,0.8704,0.7891,0.9538,0.6381,0.4962,0.9857,0.4079,128,320,447,1.0,1.0,0.5006,0.7262,0.1992,0.9334,0.9928,0.0661,0.9992
2,query,s3,8,119,283,1.0,1.0,0.809,0.8868,0.6813,0.9683,0.9961,0.5004,0.9996,0.0112,-0.0,0.8206,0.7348,0.8982,0.5332,0.2789,0.949,0.1367,117,308,436,1.0,1.0,0.5261,0.7416,0.2407,0.938,0.9935,0.0978,0.9993
2,value,s3,70,238,372,1.0,1.0,0.6409,0.82,0.3598,0.9569,0.994,0.2102,0.9988,0.1249,-0.0,0.8974,0.8172,0.9651,0.6738,0.5334,0.9861,0.4489,119,303,429,1.0,1.0,0.522,0.7461,0.2122,0.9402,0.9934,0.0788,0.9992
3,query,s3,20,172,349,1.0,1.0,0.7544,0.8566,0.5665,0.9542,0.9956,0.3887,0.9996,0.0114,-0.0,0.8325,0.7482,0.9107,0.5619,0.2773,0.9498,0.1332,108,298,425,1.0,1.0,0.5462,0.7535,0.2489,0.9425,0.9945,0.1061,0.9994
3,value,s3,83,255,380,1.0,1.0,0.6182,0.8013,0.3098,0.9563,0.9946,0.1419,0.9989,0.2523,-0.0,0.9049,0.8336,0.9685,0.694,0.5689,0.9889,0.5003,120,304,430,1.0,1.0,0.5215,0.7459,0.2038,0.9402,0.9937,0.0682,0.9993
4,query,s3,51,245,414,1.0,1.0,0.6775,0.8077,0.4111,0.9347,0.9933,0.2366,0.9993,0.0215,0.0,0.8676,0.7927,0.948,0.6283,0.3174,0.9774,0.1702,111,299,425,1.0,1.0,0.5408,0.7519,0.2534,0.9426,0.9946,0.1226,0.9995
4,value,s3,84,261,399,1.0,1.0,0.6135,0.7953,0.283,0.9498,0.9934,0.0998,0.999,0.24,-0.0,0.909,0.8418,0.9723,0.7098,0.5824,0.9922,0.5063,119,308,438,1.0,1.0,0.5221,0.7422,0.2051,0.9364,0.993,0.0642,0.9992
5,query,s3,36,241,424,1.0,1.0,0.6934,0.8096,0.4802,0.9355,0.991,0.2849,0.9994,0.0204,0.0,0.8694,0.8037,0.9361,0.6435,0.3738,0.9691,0.1779,111,303,430,1.0,1.0,0.5392,0.7476,0.264,0.941,0.9946,0.1406,0.9995
5,value,s3,99,288,422,1.0,1.0,0.5682,0.7682,0.2579,0.9415,0.9923,0.0942,0.9989,0.3807,0.0,0.9284,0.869,0.9776,0.7523,0.6327,0.9934,0.5602,127,315,442,1.0,1.0,0.5048,0.7326,0.1897,0.9351,0.9928,0.0591,0.9992
6,query,s3,23,207,392,1.0,1.0,0.7221,0.8341,0.5418,0.9422,0.9894,0.4139,0.9993,0.0133,-0.0,0.878,0.8165,0.9318,0.6763,0.4204,0.9545,0.1787,112,299,423,1.0,1.0,0.5372,0.7518,0.2484,0.9437,0.9949,0.1241,0.9995
6,value,s3,97,281,405,1.0,1.0,0.571,0.7759,0.2567,0.9476,0.9931,0.0833,0.9987,0.2291,-0.0,0.9372,0.8815,0.981,0.7736,0.6686,0.9952,0.6067,119,302,429,1.0,1.0,0.5243,0.7481,0.2035,0.9403,0.9936,0.0646,0.9993
7,query,s3,43,282,468,1.0,1.0,0.6585,0.7821,0.4632,0.918,0.986,0.2563,0.9987,0.0114,-0.0,0.8968,0.8427,0.9466,0.7114,0.4431,0.977,0.2241,123,315,439,1.0,1.0,0.5127,0.732,0.2383,0.9374,0.9942,0.1217,0.9994
7,value,s3,106,288,422,1.0,1.0,0.5562,0.7662,0.2468,0.9415,0.9927,0.0877,0.9986,0.4062,0.0,0.944,0.8954,0.9828,0.803,0.7034,0.9953,0.6456,126,312,437,1.0,1.0,0.5059,0.7351,0.1885,0.938,0.9936,0.0616,0.9993
8,query,s3,28,233,420,1.0,1.0,0.7082,0.8169,0.5203,0.9309,0.9854,0.3003,0.9986,0.0218,0.0,0.9035,0.8567,0.9494,0.7472,0.5274,0.978,0.2753,118,307,430,1.0,1.0,0.5237,0.7409,0.2426,0.9414,0.9948,0.114,0.9995
8,value,s3,98,277,408,1.0,1.0,0.5841,0.7791,0.2623,0.9433,0.9911,0.0989,0.9983,0.2768,0.0,0.9495,0.9109,0.9848,0.8338,0.7435,0.9956,0.673,122,301,425,1.0,1.0,0.5169,0.7471,0.1998,0.9429,0.9944,0.0696,0.9994
9,query,s3,24,208,380,1.0,1.0,0.7311,0.8367,0.5496,0.9433,0.9886,0.357,0.999,0.014,0.0,0.896,0.8461,0.9426,0.7355,0.5451,0.9694,0.2868,113,304,428,1.0,1.0,0.5349,0.7459,0.2566,0.9422,0.9952,0.1289,0.9996
9,value,s3,94,265,392,1.0,1.0,0.5839,0.7916,0.2574,0.9502,0.993,0.0714,0.9987,0.3117,0.0,0.9498,0.9045,0.9852,0.821,0.7301,0.9968,0.6647,112,287,410,1.0,1.0,0.5423,0.7645,0.2141,0.9483,0.995,0.0676,0.9995
10,query,s3,26,157,308,1.0,1.0,0.7725,0.8759,0.544,0.9615,0.9912,0.391,0.9986,0.0218,0.0,0.8956,0.8451,0.9491,0.7508,0.6209,0.9688,0.4255,107,292,417,1.0,1.0,0.552,0.7605,0.2371,0.9459,0.9953,0.0885,0.9996
10,value,s3,74,239,370,1.0,1.0,0.6374,0.8152,0.3266,0.9582,0.9944,0.1087,0.9988,0.2092,-0.0,0.9479,0.9078,0.9819,0.8278,0.7411,0.9952,0.6772,106,278,399,1.0,1.0,0.5565,0.7749,0.2228,0.9522,0.9958,0.0715,0.9996
11,query,s3,14,146,302,1.0,1.0,0.7833,0.8765,0.6075,0.9596,0.9935,0.4687,0.9991,0.0391,0.0,0.8841,0.8352,0.9339,0.7402,0.5737,0.9563,0.4128,121,307,430,1.0,1.0,0.518,0.7404,0.2181,0.9419,0.9951,0.0836,0.9996
11,value,s3,77,255,397,1.0,1.0,0.6297,0.8014,0.3043,0.9467,0.992,0.1008,0.9984,0.3431,0.0,0.9493,0.9121,0.9839,0.8326,0.7343,0.9959,0.6623,107,281,404,1.0,1.0,0.5543,0.7725,0.2239,0.9499,0.9951,0.0733,0.9995
12,query,s3,20,146,311,1.0,1.0,0.7839,0.8765,0.5908,0.956,0.9921,0.4096,0.9994,0.0287,-0.0,0.8887,0.8391,0.9386,0.7338,0.5083,0.9647,0.265,99,275,398,1.0,1.0,0.5711,0.7794,0.2582,0.9527,0.9961,0.1127,0.9997
12,value,s3,81,262,399,1.0,1.0,0.618,0.7947,0.2837,0.9491,0.9932,0.0834,0.9987,0.4768,-0.0,0.9508,0.9135,0.9848,0.8323,0.7356,0.9964,0.6728,109,284,405,1.0,1.0,0.5497,0.7687,0.2164,0.9501,0.9952,0.0669,0.9995
13,query,s3,24,187,358,1.0,1.0,0.7382,0.8458,0.5435,0.9501,0.9897,0.3643,0.9986,0.0138,0.0,0.8983,0.8462,0.9486,0.7311,0.541,0.9729,0.3276,109,297,421,1.0,1.0,0.5451,0.7545,0.2529,0.9445,0.9951,0.1162,0.9996
13,value,s3,77,250,389,1.0,1.0,0.6336,0.8064,0.2912,0.95,0.9934,0.1043,0.9986,0.3772,-0.0,0.9473,0.9086,0.9834,0.8286,0.7338,0.9951,0.6776,109,282,406,1.0,1.0,0.5501,0.7706,0.2108,0.9492,0.9949,0.0644,0.9994
14,query,s3,32,230,415,1.0,1.0,0.702,0.8156,0.5038,0.9343,0.9891,0.3346,0.9985,0.0215,-0.0,0.8992,0.847,0.9497,0.7259,0.4981,0.9744,0.2863,115,306,430,1.0,1.0,0.5301,0.7438,0.2515,0.9412,0.9948,0.1264,0.9995
14,value,s3,111,298,420,1.0,1.0,0.5423,0.7553,0.2244,0.9457,0.9922,0.0776,0.9986,0.4951,-0.0,0.953,0.9125,0.9862,0.8221,0.7336,0.9962,0.671,125,299,419,1.0,1.0,0.5083,0.7481,0.1833,0.9454,0.9945,0.058,0.9994
15,query,s3,71,298,462,1.0,1.0,0.6088,0.7654,0.3726,0.919,0.9871,0.216,0.9984,0.0134,0.0,0.9113,0.8503,0.9644,0.7211,0.4961,0.9835,0.3112,129,322,447,1.0,1.0,0.4998,0.7224,0.216,0.9341,0.9938,0.0894,0.9994
15,value,s3,102,282,411,1.0,1.0,0.5643,0.7727,0.2364,0.9451,0.9926,0.0891,0.9983,0.3787,0.0,0.9475,0.9056,0.9838,0.8209,0.7281,0.9949,0.6727,128,303,424,1.0,1.0,0.502,0.7434,0.1759,0.9436,0.9943,0.0544,0.9993
16,query,s3,56,252,411,1.0,1.0,0.6605,0.804,0.3984,0.9369,0.9873,0.2301,0.9981,0.0269,-0.0,0.9102,0.857,0.9628,0.7445,0.5715,0.9825,0.3472,124,309,431,1.0,1.0,0.5096,0.7385,0.2048,0.9414,0.9949,0.0709,0.9995
16,value,s3,97,286,423,1.0,1.0,0.5758,0.771,0.2628,0.9401,0.9886,0.0976,0.9971,0.2037,-0.0,0.9507,0.912,0.9842,0.8336,0.7436,0.9953,0.6564,125,306,427,1.0,1.0,0.5078,0.7411,0.1887,0.9423,0.9944,0.0605,0.9994
17,query,s3,52,261,413,1.0,1.0,0.6649,0.7961,0.427,0.9389,0.9896,0.2017,0.9983,0.017,0.0,0.9069,0.8535,0.9579,0.7219,0.5247,0.9841,0.3357,120,304,426,1.0,1.0,0.5212,0.7447,0.2133,0.9434,0.9952,0.0722,0.9996
17,value,s3,97,282,424,1.0,1.0,0.5801,0.7739,0.2397,0.9389,0.9884,0.101,0.9976,0.3113,0.0,0.9508,0.9123,0.9858,0.8329,0.7373,0.9951,0.6441,121,298,421,1.0,1.0,0.5182,0.7507,0.1853,0.9444,0.9944,0.057,0.9994
18,query,s3,58,240,390,1.0,1.0,0.6598,0.819,0.4047,0.9477,0.9918,0.1673,0.9989,0.0644,0.0,0.9152,0.8531,0.9653,0.7343,0.5544,0.9892,0.399,112,291,412,1.0,1.0,0.541,0.7602,0.2264,0.9483,0.9957,0.0747,0.9997
18,value,s3,93,281,420,1.0,1.0,0.5889,0.7756,0.2733,0.9419,0.9903,0.1144,0.998,0.4135,-0.0,0.9456,0.9052,0.9818,0.8181,0.7177,0.9939,0.6377,125,304,426,1.0,1.0,0.5099,0.7444,0.1801,0.9423,0.9941,0.0541,0.9993
19,query,s3,37,248,414,1.0,1.0,0.6825,0.8068,0.4763,0.9339,0.9899,0.2801,0.9991,0.0218,0.0,0.9075,0.855,0.9545,0.7333,0.5094,0.9788,0.2672,121,305,426,1.0,1.0,0.5182,0.7427,0.2139,0.9436,0.9954,0.0726,0.9997
19,value,s3,110,299,446,1.0,1.0,0.5552,0.7558,0.2119,0.9278,0.9904,0.0603,0.9981,0.299,0.0,0.9383,0.8932,0.9819,0.805,0.6831,0.9955,0.6102,137,322,445,1.0,1.0,0.4789,0.7209,0.1587,0.9345,0.9933,0.0454,0.9992
20,query,s3,15,150,333,1.0,1.0,0.7811,0.8695,0.6037,0.9592,0.9938,0.3292,0.9995,0.0184,-0.0,0.8913,0.8401,0.9411,0.7084,0.4864,0.9746,0.2669,102,278,399,1.0,1.0,0.5653,0.7761,0.2546,0.953,0.9964,0.0905,0.9998
20,value,s3,156,388,526,1.0,1.0,0.451,0.6574,0.1758,0.892,0.9852,0.055,0.9966,0.1676,0.0,0.9511,0.9044,0.9864,0.7996,0.6686,0.9966,0.5923,147,354,483,1.0,1.0,0.4586,0.6859,0.1647,0.9166,0.991,0.0517,0.999
21,query,s3,12,99,238,1.0,1.0,0.8289,0.907,0.64,0.973,0.9963,0.4574,0.9997,0.024,-0.0,0.8758,0.8099,0.941,0.6677,0.4527,0.9683,0.2492,80,250,374,1.0,1.0,0.6208,0.8072,0.3015,0.9593,0.9969,0.1146,0.9998
21,value,s3,209,430,554,1.0,1.0,0.3382,0.5755,0.1153,0.8751,0.9811,0.0402,0.9967,0.2332,-0.0,0.954,0.9006,0.989,0.784,0.6649,0.9974,0.586,185,402,526,1.0,1.0,0.3863,0.6189,0.1342,0.8915,0.988,0.0461,0.9987
22,query,s3,2,95,236,1.0,1.0,0.8386,0.9085,0.7074,0.9749,0.9974,0.5888,0.9996,0.0141,-0.0,0.8793,0.8108,0.9418,0.6567,0.4316,0.9652,0.2765,86,264,389,1.0,1.0,0.5995,0.7919,0.3039,0.9552,0.9965,0.1346,0.9997
22,value,s3,179,387,514,1.0,1.0,0.3911,0.6321,0.1208,0.8991,0.9855,0.0391,0.9977,0.078,-0.0,0.9435,0.8868,0.9872,0.7694,0.652,0.9974,0.5757,175,380,504,1.0,1.0,0.3988,0.6432,0.1321,0.9052,0.9898,0.0454,0.9989
23,query,s3,29,203,348,1.0,1.0,0.7136,0.8397,0.5141,0.9598,0.9961,0.3351,0.9995,0.0117,-0.0,0.9003,0.8147,0.9611,0.6142,0.359,0.9845,0.2096,77,250,374,1.0,1.0,0.6237,0.8068,0.3253,0.959,0.9966,0.1498,0.9997
23,value,s3,142,329,451,1.0,1.0,0.4699,0.7153,0.1509,0.9353,0.9914,0.0434,0.9985,0.2136,-0.0,0.9131,0.8369,0.9777,0.7039,0.5906,0.9945,0.5152,167,366,488,1.0,1.0,0.4125,0.6602,0.1294,0.9144,0.9917,0.0371,0.9992
0,query,oldpz,159,370,507,1.0,1.0,0.4364,0.6633,0.1548,0.903,0.9884,0.0552,0.9986,0.0081,-0.0,0.8894,0.7812,0.9741,0.5508,0.2823,0.9943,0.1437,152,353,480,1.0,1.0,0.4477,0.6838,0.1696,0.9178,0.9906,0.0646,0.9989
0,value,oldpz,143,333,467,1.0,1.0,0.4651,0.71,0.1851,0.923,0.9897,0.0864,0.9985,0.0191,-0.0,0.8787,0.7538,0.9687,0.536,0.3118,0.9898,0.1818,153,353,481,1.0,1.0,0.4457,0.683,0.1616,0.9174,0.9904,0.0562,0.9989
1,query,oldpz,15,190,350,1.0,1.0,0.7406,0.8467,0.5978,0.9548,0.9941,0.2991,0.9993,0.0116,-0.0,0.8499,0.7676,0.9183,0.5928,0.3575,0.969,0.1979,120,317,442,1.0,1.0,0.5174,0.73,0.2604,0.9359,0.9938,0.1073,0.9994
1,value,oldpz,66,242,374,1.0,1.0,0.6512,0.8148,0.3418,0.9556,0.9936,0.138,0.9983,0.0689,0.0,0.8713,0.7909,0.9542,0.6409,0.5002,0.9859,0.4119,128,320,447,1.0,1.0,0.5006,0.7262,0.1992,0.9334,0.9928,0.0661,0.9992
2,query,oldpz,6,107,277,1.0,1.0,0.8171,0.8907,0.6965,0.9689,0.9962,0.5171,0.9996,0.0111,-0.0,0.8193,0.7362,0.8943,0.5374,0.2817,0.9461,0.1378,117,308,435,1.0,1.0,0.5261,0.7416,0.2407,0.938,0.9935,0.0978,0.9993
2,value,oldpz,70,239,375,1.0,1.0,0.6388,0.8187,0.3595,0.9562,0.9938,0.2163,0.9987,0.1085,0.0,0.9019,0.8241,0.9668,0.6847,0.5476,0.9862,0.4637,119,303,429,1.0,1.0,0.522,0.7461,0.2122,0.9402,0.9934,0.0788,0.9992
3,query,oldpz,17,164,344,1.0,1.0,0.762,0.8604,0.5855,0.9546,0.9956,0.4157,0.9996,0.0117,-0.0,0.8326,0.7504,0.9071,0.5673,0.2816,0.945,0.1357,108,298,425,1.0,1.0,0.5462,0.7535,0.2489,0.9425,0.9945,0.1061,0.9994
3,value,oldpz,87,265,392,1.0,1.0,0.6048,0.7922,0.2975,0.9536,0.9943,0.1342,0.9988,0.2673,0.0,0.9133,0.8459,0.9719,0.7111,0.5887,0.9903,0.5208,120,304,430,1.0,1.0,0.5215,0.7459,0.2038,0.9402,0.9937,0.0682,0.9993
4,query,oldpz,53,253,422,1.0,1.0,0.6699,0.8025,0.3969,0.9326,0.9931,0.2281,0.9993,0.021,0.0,0.8698,0.7952,0.9506,0.6305,0.3166,0.9786,0.1701,111,299,425,1.0,1.0,0.5408,0.7519,0.2534,0.9426,0.9946,0.1226,0.9995
4,value,oldpz,84,263,402,1.0,1.0,0.6116,0.7938,0.2799,0.9493,0.9934,0.0978,0.9989,0.2572,0.0,0.9097,0.8427,0.9727,0.7105,0.5826,0.9923,0.507,119,308,438,1.0,1.0,0.5221,0.7422,0.2051,0.9364,0.993,0.0642,0.9992
5,query,oldpz,45,260,435,1.0,1.0,0.6707,0.7965,0.4467,0.9312,0.9901,0.2501,0.9994,0.0175,0.0,0.877,0.8099,0.9431,0.6486,0.3791,0.9744,0.1797,111,303,430,1.0,1.0,0.5392,0.7476,0.264,0.941,0.9946,0.1406,0.9995
5,value,oldpz,97,282,414,1.0,1.0,0.5735,0.7746,0.2605,0.9436,0.9926,0.0936,0.9989,0.3641,-0.0,0.925,0.8632,0.9765,0.7456,0.6258,0.9932,0.5548,127,315,442,1.0,1.0,0.5048,0.7326,0.1897,0.9351,0.9928,0.0591,0.9992
6,query,oldpz,29,222,407,1.0,1.0,0.7031,0.8241,0.5115,0.9388,0.9888,0.3753,0.9993,0.0132,0.0,0.8828,0.8196,0.9375,0.6787,0.4206,0.9606,0.1766,112,299,423,1.0,1.0,0.5372,0.7518,0.2484,0.9437,0.9949,0.1241,0.9995
6,value,oldpz,96,278,403,1.0,1.0,0.5764,0.7792,0.2564,0.9485,0.9934,0.0804,0.9987,0.2423,0.0,0.9328,0.8747,0.9799,0.7624,0.653,0.995,0.5904,119,302,429,1.0,1.0,0.5243,0.7481,0.2035,0.9403,0.9936,0.0646,0.9993
7,query,oldpz,58,296,480,1.0,1.0,0.6314,0.7672,0.4229,0.9125,0.9853,0.2145,0.9986,0.0106,-0.0,0.9019,0.8459,0.9526,0.714,0.4424,0.9818,0.2245,123,315,439,1.0,1.0,0.5127,0.732,0.2383,0.9374,0.9942,0.1217,0.9994
7,value,oldpz,105,284,416,1.0,1.0,0.5589,0.7706,0.243,0.9434,0.993,0.0844,0.9986,0.3897,0.0,0.9406,0.889,0.982,0.7933,0.6922,0.9951,0.6346,126,312,437,1.0,1.0,0.5058,0.7351,0.1885,0.938,0.9936,0.0616,0.9993
8,query,oldpz,45,264,447,1.0,1.0,0.6682,0.795,0.4579,0.9235,0.9841,0.2399,0.9985,0.0214,-0.0,0.911,0.8613,0.9576,0.7491,0.5275,0.9838,0.2773,118,307,430,1.0,1.0,0.5237,0.7409,0.2426,0.9414,0.9948,0.114,0.9995
8,value,oldpz,93,269,400,1.0,1.0,0.5947,0.789,0.2709,0.9455,0.9917,0.0983,0.9984,0.2939,0.0,0.9457,0.9046,0.9832,0.8263,0.7336,0.9954,0.6634,122,301,425,1.0,1.0,0.5169,0.7471,0.1998,0.9429,0.9944,0.0696,0.9994
9,query,oldpz,36,242,417,1.0,1.0,0.6908,0.8132,0.4818,0.9349,0.9865,0.2896,0.9987,0.0151,0.0,0.9081,0.8581,0.9547,0.7488,0.5578,0.9783,0.2933,113,304,428,1.0,1.0,0.5349,0.7459,0.2566,0.9422,0.9952,0.1289,0.9996
9,value,oldpz,89,260,388,1.0,1.0,0.5989,0.7965,0.2608,0.9521,0.9935,0.0823,0.9987,0.284,-0.0,0.9484,0.905,0.9851,0.8223,0.7336,0.9963,0.674,112,287,410,1.0,1.0,0.5423,0.7645,0.2141,0.9483,0.995,0.0676,0.9995
10,query,oldpz,34,180,337,1.0,1.0,0.7467,0.8586,0.491,0.9565,0.9898,0.3233,0.9984,0.0237,-0.0,0.907,0.8596,0.959,0.7656,0.6374,0.9778,0.4393,107,292,417,1.0,1.0,0.552,0.7605,0.2371,0.9459,0.9953,0.0885,0.9996
10,value,oldpz,73,242,370,1.0,1.0,0.6398,0.8128,0.3215,0.9588,0.9946,0.1048,0.9988,0.1902,-0.0,0.9487,0.9105,0.9826,0.8307,0.7475,0.9955,0.6884,106,278,399,1.0,1.0,0.5565,0.7749,0.2228,0.9522,0.9958,0.0715,0.9996
11,query,oldpz,19,164,321,1.0,1.0,0.7641,0.8665,0.5689,0.9561,0.9923,0.4241,0.999,0.0413,0.0,0.8952,0.8471,0.9443,0.7552,0.5933,0.9649,0.4244,121,307,430,1.0,1.0,0.518,0.7404,0.218,0.9419,0.9951,0.0836,0.9996
11,value,oldpz,79,258,402,1.0,1.0,0.6245,0.7985,0.2961,0.9453,0.9921,0.097,0.9984,0.3565,-0.0,0.9517,0.9155,0.985,0.8383,0.7418,0.9962,0.6734,107,281,404,1.0,1.0,0.5543,0.7725,0.2238,0.9499,0.9951,0.0733,0.9995
12,query,oldpz,22,165,327,1.0,1.0,0.7638,0.8662,0.5661,0.9515,0.9911,0.3759,0.9993,0.0292,0.0,0.8992,0.8495,0.9456,0.746,0.5223,0.9701,0.2745,99,275,398,1.0,1.0,0.5711,0.7794,0.2582,0.9527,0.9961,0.1127,0.9997
12,value,oldpz,88,274,406,1.0,1.0,0.6006,0.7833,0.2674,0.9459,0.9928,0.0764,0.9986,0.5059,0.0,0.9554,0.92,0.9868,0.8424,0.7489,0.997,0.6878,109,284,405,1.0,1.0,0.5497,0.7688,0.2164,0.9501,0.9952,0.0669,0.9995
13,query,oldpz,31,205,371,1.0,1.0,0.7242,0.8358,0.5142,0.9463,0.9885,0.3285,0.9984,0.0146,0.0,0.904,0.8542,0.9538,0.7434,0.5581,0.9769,0.3422,109,297,421,1.0,1.0,0.5451,0.7545,0.2529,0.9445,0.9951,0.1162,0.9996
13,value,oldpz,83,260,396,1.0,1.0,0.6187,0.7966,0.2755,0.9472,0.9935,0.0952,0.9986,0.4133,-0.0,0.9515,0.9146,0.9853,0.8372,0.7431,0.9958,0.6905,109,282,406,1.0,1.0,0.5501,0.7706,0.2108,0.9492,0.9949,0.0644,0.9994
14,query,oldpz,34,231,420,1.0,1.0,0.7013,0.815,0.4933,0.934,0.9887,0.3268,0.9984,0.0211,-0.0,0.901,0.8503,0.9523,0.7311,0.508,0.9758,0.2945,115,306,430,1.0,1.0,0.5302,0.7438,0.2515,0.9412,0.9948,0.1264,0.9995
14,value,oldpz,110,298,419,1.0,1.0,0.5433,0.7568,0.2284,0.9447,0.9924,0.0834,0.9986,0.5243,-0.0,0.9553,0.9166,0.9867,0.832,0.7458,0.9961,0.6872,125,299,419,1.0,1.0,0.5083,0.7481,0.1833,0.9454,0.9945,0.058,0.9994
15,query,oldpz,63,290,454,1.0,1.0,0.6235,0.7701,0.3876,0.9208,0.9869,0.2493,0.9983,0.0168,-0.0,0.9124,0.8556,0.9645,0.7304,0.5106,0.9813,0.3249,129,322,447,1.0,1.0,0.4998,0.7224,0.216,0.9341,0.9938,0.0894,0.9994
15,value,oldpz,107,290,420,1.0,1.0,0.5539,0.7635,0.2276,0.943,0.9922,0.0748,0.9981,0.3665,0.0,0.9535,0.9158,0.9859,0.8364,0.7496,0.9961,0.6983,128,303,424,1.0,1.0,0.502,0.7434,0.1759,0.9436,0.9943,0.0544,0.9993
16,query,oldpz,56,253,405,1.0,1.0,0.6592,0.8043,0.4105,0.937,0.9868,0.2672,0.9981,0.0281,0.0,0.9126,0.8593,0.9628,0.7488,0.5759,0.9795,0.3442,124,309,431,1.0,1.0,0.5097,0.7385,0.2048,0.9414,0.9949,0.0709,0.9995
16,value,oldpz,101,293,428,1.0,1.0,0.5653,0.7633,0.2481,0.9393,0.9881,0.08,0.997,0.1624,-0.0,0.9536,0.9166,0.9857,0.839,0.7541,0.9963,0.6685,125,306,427,1.0,1.0,0.5077,0.7411,0.1887,0.9423,0.9944,0.0605,0.9994
17,query,oldpz,43,254,406,1.0,1.0,0.6831,0.8022,0.4579,0.9386,0.9896,0.2204,0.9982,0.0176,0.0,0.9082,0.8591,0.9564,0.735,0.5351,0.9835,0.3466,120,304,426,1.0,1.0,0.5211,0.7447,0.2133,0.9434,0.9952,0.0722,0.9996
17,value,oldpz,96,276,421,1.0,1.0,0.5829,0.7809,0.228,0.9379,0.988,0.0912,0.9975,0.3647,0.0,0.9541,0.9181,0.9874,0.8487,0.7612,0.9958,0.6741,121,298,421,1.0,1.0,0.5182,0.7507,0.1852,0.9444,0.9944,0.057,0.9994
18,query,oldpz,42,217,371,1.0,1.0,0.6938,0.8363,0.4699,0.9519,0.9927,0.2279,0.9989,0.0589,0.0,0.9123,0.8539,0.9592,0.7407,0.5637,0.9852,0.4091,112,291,412,1.0,1.0,0.541,0.7602,0.2264,0.9483,0.9957,0.0747,0.9997
18,value,oldpz,91,279,419,1.0,1.0,0.5941,0.7793,0.2671,0.9417,0.9904,0.115,0.998,0.4348,0.0,0.9477,0.9098,0.9832,0.8288,0.7329,0.9942,0.6575,125,304,426,1.0,1.0,0.5099,0.7444,0.18,0.9423,0.9941,0.0541,0.9993
19,query,oldpz,25,223,392,1.0,1.0,0.7173,0.8248,0.5326,0.9395,0.9904,0.3128,0.9992,0.016,0.0,0.9009,0.8511,0.9455,0.7321,0.5071,0.9745,0.2637,121,305,426,1.0,1.0,0.5183,0.7427,0.2139,0.9436,0.9954,0.0726,0.9997
19,value,oldpz,107,301,446,1.0,1.0,0.5565,0.7553,0.2148,0.93,0.9902,0.0624,0.998,0.3055,0.0,0.9432,0.9019,0.983,0.818,0.7101,0.9957,0.6398,137,322,445,1.0,1.0,0.4789,0.7209,0.1587,0.9345,0.9933,0.0454,0.9992
20,query,oldpz,10,120,305,1.0,1.0,0.8064,0.883,0.6623,0.962,0.9943,0.4208,0.9996,0.0144,0.0,0.8878,0.8393,0.9321,0.7116,0.4888,0.9646,0.2766,102,278,399,1.0,1.0,0.5653,0.7761,0.2546,0.953,0.9964,0.0905,0.9998
20,value,oldpz,147,379,514,1.0,1.0,0.4691,0.6689,0.1892,0.899,0.9847,0.0624,0.9967,0.1845,0.0,0.9495,0.9041,0.9855,0.8003,0.6804,0.9962,0.5995,147,354,483,1.0,1.0,0.4586,0.6859,0.1647,0.9166,0.991,0.0517,0.999
21,query,oldpz,6,83,234,1.0,1.0,0.8421,0.9082,0.7006,0.9726,0.996,0.5305,0.9997,0.0279,-0.0,0.8901,0.8352,0.9399,0.6999,0.4884,0.9645,0.2714,80,250,374,1.0,1.0,0.6208,0.8072,0.3015,0.9593,0.9969,0.1146,0.9998
21,value,oldpz,206,425,546,1.0,1.0,0.3565,0.5875,0.1209,0.877,0.9818,0.044,0.9965,0.1984,-0.0,0.9545,0.9057,0.9892,0.8009,0.6924,0.9972,0.6185,185,402,526,1.0,1.0,0.3863,0.6188,0.1342,0.8915,0.988,0.0461,0.9987
22,query,oldpz,1,60,196,1.0,1.0,0.8633,0.9214,0.751,0.9775,0.9973,0.6556,0.9996,0.0124,-0.0,0.8835,0.8239,0.9379,0.6867,0.4722,0.9583,0.3086,86,264,389,1.0,1.0,0.5995,0.7919,0.3039,0.9552,0.9965,0.1346,0.9997
22,value,oldpz,181,396,524,1.0,1.0,0.3792,0.6284,0.1239,0.8926,0.9854,0.0444,0.9976,0.0957,0.0,0.9514,0.8992,0.9884,0.7955,0.6832,0.9972,0.6118,175,380,504,1.0,1.0,0.3988,0.6432,0.1321,0.9052,0.9898,0.0453,0.9989
23,query,oldpz,15,149,313,1.0,1.0,0.7788,0.8723,0.604,0.963,0.9961,0.4382,0.9996,0.0252,-0.0,0.8921,0.8207,0.9518,0.6512,0.3908,0.9761,0.2241,77,250,374,1.0,1.0,0.6237,0.8068,0.3253,0.959,0.9966,0.1498,0.9997
23,value,oldpz,164,358,487,1.0,1.0,0.4298,0.6695,0.1457,0.9162,0.9898,0.0392,0.9982,0.2389,-0.0,0.9343,0.8722,0.982,0.7486,0.6264,0.9959,0.5529,167,366,488,1.0,1.0,0.4124,0.6602,0.1294,0.9143,0.9917,0.0371,0.9992
