protocol,name,best_epoch,best_dev_acc,pre-pt_test_acc,pre-pt_ASR,pt_test_acc,pt_ASR,asr_mean_last5,duration_min,gpu,observe,cfg
v2,roberta_badnet_sst-2_lora_cl0.1_pt_lr2e-04_r8_a16_seed20_ep20_wd0.01_pz-badnet_s2,4,0.9518,0.9506,0.7503,0.9473,0.3630,0.3868,11.1,NVIDIA RTX 6000 Ada Generation,on,
v2,roberta_badnet_sst-2_lora_pt_lr2e-04_r8_a16_seed20_ep20_wd0.01_pz-badnet_s2,9,0.9541,0.9500,0.5666,0.9423,0.1782,0.6143,11.0,NVIDIA RTX 6000 Ada Generation,on,
v2,roberta_badnet_sst-2_lora_cl0.1_tr10_k8_pt_lr2e-04_r8_a16_seed20_ep20_wd0.01_pz-badnet_s2,6,0.9553,0.9616,0.7437,0.9632,0.4312,0.5399,11.7,NVIDIA RTX 6000 Ada Generation,on,
v2,roberta_badnet_sst-2_lora_cl0.1_tr10_k32_pt_lr2e-04_r8_a16_seed20_ep20_wd0.01_pz-badnet_s2,12,0.9553,0.9561,0.6502,0.9588,0.3355,0.5591,11.4,NVIDIA RTX 6000 Ada Generation,on,
v2,roberta_badnet_sst-2_lora_cl0.1_tr10_k128_pt_lr2e-04_r8_a16_seed20_ep20_wd0.01_pz-badnet_s2,6,0.9587,0.9610,0.7173,0.9588,0.4774,0.5065,11.4,NVIDIA RTX 6000 Ada Generation,on,
v2,roberta_badnet_sst-2_lora_cl0.1_tr10_k256_pt_lr2e-04_r8_a16_seed20_ep20_wd0.01_pz-badnet_s2,7,0.9564,0.9627,0.8163,0.9627,0.3685,0.6312,11.4,NVIDIA RTX 6000 Ada Generation,on,
v2,roberta_badnet_sst-2_lora_cl0.1_tr10_k512_pt_lr2e-04_r8_a16_seed20_ep20_wd0.01_pz-badnet_s2,14,0.9553,0.9517,0.7580,0.9533,0.4367,0.7014,11.5,NVIDIA RTX 6000 Ada Generation,on,
v2,roberta_badnet_sst-2_lora_cl0.1_tr10_k768_pt_lr2e-04_r8_a16_seed20_ep20_wd0.01_pz-badnet_s2,13,0.9564,0.9572,0.8713,0.9566,0.5204,0.7241,11.5,NVIDIA RTX 6000 Ada Generation,on,
v2,roberta_badnet_sst-2_lora_cl0.1_tr10_k896_pt_lr2e-04_r8_a16_seed20_ep20_wd0.01_pz-badnet_s2,17,0.9518,0.9522,0.9362,0.9522,0.4961,0.9274,11.6,NVIDIA RTX 6000 Ada Generation,on,
v2,roberta_badnet_sst-2_lora_cl0.1_tr10_k1016_pt_lr2e-04_r8_a16_seed20_ep20_wd0.01_pz-badnet_s2,10,0.9427,0.9407,0.9824,0.9423,0.9813,0.9754,11.4,NVIDIA RTX 6000 Ada Generation,on,
v2,roberta_badnet_sst-2_lora_cl0.1_tr10_k1024_pt_lr2e-04_r8_a16_seed20_ep20_wd0.01_pz-badnet_s2,5,0.9358,0.9500,1.0000,0.4992,0.0000,0.9967,11.4,NVIDIA RTX 6000 Ada Generation,on,
v2,roberta_badnet_sst-2_lora_cl0.1_tr480_k8_pt_lr2e-04_r8_a16_seed20_ep20_wd0.01_pz-badnet_s2,15,0.9530,0.9577,0.7426,0.9594,0.5358,0.7164,11.4,NVIDIA RTX 6000 Ada Generation,on,
v2,roberta_badnet_sst-2_lora_cl0.1_tr480_k32_pt_lr2e-04_r8_a16_seed20_ep20_wd0.01_pz-badnet_s2,13,0.9518,0.9599,0.7217,0.9599,0.3762,0.4812,11.4,NVIDIA RTX 6000 Ada Generation,on,
v2,roberta_badnet_sst-2_lora_cl0.1_tr480_k128_pt_lr2e-04_r8_a16_seed20_ep20_wd0.01_pz-badnet_s2,7,0.9553,0.9588,0.8295,0.9605,0.4576,0.6420,11.5,NVIDIA RTX 6000 Ada Generation,on,
v2,roberta_badnet_sst-2_lora_cl0.1_tr480_k256_pt_lr2e-04_r8_a16_seed20_ep20_wd0.01_pz-badnet_s2,7,0.9553,0.9566,0.7657,0.9489,0.3333,0.6099,11.5,NVIDIA RTX 6000 Ada Generation,on,
v2,roberta_badnet_sst-2_lora_cl0.1_tr480_k512_pt_lr2e-04_r8_a16_seed20_ep20_wd0.01_pz-badnet_s2,13,0.9530,0.9572,0.8504,0.9566,0.5776,0.6790,11.4,NVIDIA RTX 6000 Ada Generation,on,
v2,roberta_badnet_sst-2_lora_cl0.1_tr480_k768_pt_lr2e-04_r8_a16_seed20_ep20_wd0.01_pz-badnet_s2,15,0.9518,0.9550,0.8746,0.9379,0.8900,0.8400,11.6,NVIDIA RTX 6000 Ada Generation,on,
v2,roberta_badnet_sst-2_lora_cl0.1_tr480_k896_pt_lr2e-04_r8_a16_seed20_ep20_wd0.01_pz-badnet_s2,15,0.9461,0.9533,0.9516,0.9522,0.6744,0.9369,11.6,NVIDIA RTX 6000 Ada Generation,on,
v2,roberta_badnet_sst-2_lora_cl0.1_tr480_k1016_pt_lr2e-04_r8_a16_seed20_ep20_wd0.01_pz-badnet_s2,13,0.9243,0.9336,1.0000,0.9308,0.9967,0.9993,11.3,NVIDIA RTX 6000 Ada Generation,on,
v2,roberta_badnet_sst-2_lora_cl0.1_tr480_k1024_pt_lr2e-04_r8_a16_seed20_ep20_wd0.01_pz-badnet_s2,5,0.9209,0.9325,1.0000,0.9308,1.0000,1.0000,11.3,NVIDIA RTX 6000 Ada Generation,on,
v2,roberta_badnet_sst-2_lora_cl0.1_tr0.3125_k32_pt_lr2e-04_r8_a16_seed20_ep20_wd0.01_pz-badnet_s2,11,0.9599,0.9561,0.7118,0.9561,0.4169,0.5144,11.2,NVIDIA RTX 6000 Ada Generation,on,
v2,roberta_badnet_sst-2_lora_cl0.1_tr15_k32_pt_lr2e-04_r8_a16_seed20_ep20_wd0.01_pz-badnet_s2,6,0.9564,0.9577,0.7426,0.9577,0.4092,0.4801,11.3,NVIDIA RTX 6000 Ada Generation,on,
v2,roberta_badnet_sst-2_lora_tr10_k1024_pt_lr2e-04_r8_a16_seed20_ep20_wd0.01_pz-badnet_s2,9,0.9335,0.9363,1.0000,0.5008,1.0000,1.0000,11.3,NVIDIA RTX 6000 Ada Generation,on,
v2,roberta_badnet_sst-2_lora_tr480_k1024_pt_lr2e-04_r8_a16_seed20_ep20_wd0.01_pz-badnet_s2,5,0.9255,0.9445,1.0000,0.9336,1.0000,1.0000,11.2,NVIDIA RTX 6000 Ada Generation,on,
v2,roberta_badnet_sst-2_lora_tr0.3125_k32_pt_lr2e-04_r8_a16_seed20_ep20_wd0.01_pz-badnet_s2,13,0.9564,0.9544,0.9087,0.9528,0.4180,0.8154,11.2,NVIDIA RTX 6000 Ada Generation,on,
v2,roberta_badnet_sst-2_lora_tr10_k32_pt_lr2e-04_r8_a16_seed20_ep20_wd0.01_pz-badnet_s2,11,0.9564,0.9577,0.9197,0.9517,0.3971,0.8854,11.0,NVIDIA RTX 6000 Ada Generation,on,
v2,roberta_badnet_sst-2_lora_tr15_k32_pt_lr2e-04_r8_a16_seed20_ep20_wd0.01_pz-badnet_s2,11,0.9530,0.9566,0.9340,0.9572,0.5083,0.8568,10.9,NVIDIA RTX 6000 Ada Generation,on,
v2,roberta_badnet_sst-2_lora_tr480_k32_pt_lr2e-04_r8_a16_seed20_ep20_wd0.01_pz-badnet_s2,18,0.9541,0.9495,0.8977,0.9517,0.5017,0.9023,10.9,NVIDIA RTX 6000 Ada Generation,on,
